experiment_id,profile,candidate,baseline,window,N,status,mean_KL_candidate,mean_KL_baseline,gain,gain_CI95,mean_NLL_difference,NLL_difference_CI95,wins,ties,losses,n_KL,n_NLL,harmful_KL_mass,beneficial_KL_mass
allocation-confirmation,P_STORE,B_JOINT8_P_STORE,B_DAMP8_P_STORE,prefix256,12,DEFINED,0.0009126196541092636,0.0010005044469304247,0.08784048195966943,"[0.04822727840705124, 0.12155076071587373]",0.00022503573992192796,"[-0.0016607960442426104, 0.0022008218790951694]",7,0,5,2880,2880,0.6928559716296003,0.9459641749545438
allocation-confirmation,P_STORE,B_JOINT8_P_STORE,B_DAMP8_P_STORE,prefix512,12,UNDEFINED_FULL_PANEL,,,,,,,,,,5952,5952,,
allocation-confirmation,P_STORE,B_JOINT8_P_STORE,B_DAMP8_P_STORE,primary1024,12,UNDEFINED_FULL_PANEL,,,,,,,,,,12096,12084,,
allocation-confirmation,P_STORE,B_JOINT8_P_STORE,B_DAMP8_P_STORE,late512,12,UNDEFINED_FULL_PANEL,,,,,,,,,,6144,6132,,
allocation-confirmation,P_STORE,B_JOINT8_P_STORE,B_DIAG8_P_STORE,prefix256,12,DEFINED,0.0009126196541092636,0.0009666022844410677,0.055847819936634235,"[-0.014978153478921351, 0.1467524256269065]",0.00023459502905258883,"[-0.0008832386431667072, 0.0014889484159547935]",5,0,7,2880,2880,0.7167774769717854,0.8722474523273811
allocation-confirmation,P_STORE,B_JOINT8_P_STORE,B_DIAG8_P_STORE,prefix512,12,UNDEFINED_FULL_PANEL,,,,,,,,,,5952,5952,,
allocation-confirmation,P_STORE,B_JOINT8_P_STORE,B_DIAG8_P_STORE,primary1024,12,UNDEFINED_FULL_PANEL,,,,,,,,,,12096,12084,,
allocation-confirmation,P_STORE,B_JOINT8_P_STORE,B_DIAG8_P_STORE,late512,12,UNDEFINED_FULL_PANEL,,,,,,,,,,6144,6132,,
allocation-confirmation,P_STORE,B_JOINT8_P_STORE,B_U8_P_STORE,prefix256,12,DEFINED,0.0009126196541092636,0.0012806251209569813,0.28736392940091304,"[0.24759198622789214, 0.3287429772669057]",0.00027569267074868616,"[-0.0019873024425925666, 0.0024839311601673447]",12,0,0,2880,2880,0.538928018911975,1.5987837634334015
allocation-confirmation,P_STORE,B_JOINT8_P_STORE,B_U8_P_STORE,prefix512,12,UNDEFINED_FULL_PANEL,,,,,,,,,,5952,5952,,
allocation-confirmation,P_STORE,B_JOINT8_P_STORE,B_U8_P_STORE,primary1024,12,UNDEFINED_FULL_PANEL,,,,,,,,,,12096,12084,,
allocation-confirmation,P_STORE,B_JOINT8_P_STORE,B_U8_P_STORE,late512,12,UNDEFINED_FULL_PANEL,,,,,,,,,,6144,6132,,
allocation-confirmation,P_STORE,B_DIAG8_P_STORE,B_DAMP8_P_STORE,prefix256,12,DEFINED,0.0009666022844410677,0.0010005044469304247,0.03388506927017643,"[-0.062392925415618736, 0.11353597748283628]",-9.559289130661422e-06,"[-0.0013374080763978063, 0.0012747341420444743]",7,0,5,2880,2880,0.7926010484422389,0.8902392764115866
allocation-confirmation,P_STORE,B_DIAG8_P_STORE,B_DAMP8_P_STORE,prefix512,12,UNDEFINED_FULL_PANEL,,,,,,,,,,5952,5952,,
allocation-confirmation,P_STORE,B_DIAG8_P_STORE,B_DAMP8_P_STORE,primary1024,12,UNDEFINED_FULL_PANEL,,,,,,,,,,12096,12084,,
allocation-confirmation,P_STORE,B_DIAG8_P_STORE,B_DAMP8_P_STORE,late512,12,UNDEFINED_FULL_PANEL,,,,,,,,,,6144,6132,,
allocation-confirmation,P_STORE,B_DIAG8_P_STORE,B_U8_P_STORE,prefix256,12,DEFINED,0.0009666022844410677,0.0012806251209569813,0.24521058612472912,"[0.17435946169751737, 0.3135544162016357]",4.1097641696097344e-05,"[-0.001909098950073322, 0.0018865809802529419]",12,0,0,2880,2880,0.6707606197124042,1.575146388878235
allocation-confirmation,P_STORE,B_DIAG8_P_STORE,B_U8_P_STORE,prefix512,12,UNDEFINED_FULL_PANEL,,,,,,,,,,5952,5952,,
allocation-confirmation,P_STORE,B_DIAG8_P_STORE,B_U8_P_STORE,primary1024,12,UNDEFINED_FULL_PANEL,,,,,,,,,,12096,12084,,
allocation-confirmation,P_STORE,B_DIAG8_P_STORE,B_U8_P_STORE,late512,12,UNDEFINED_FULL_PANEL,,,,,,,,,,6144,6132,,
allocation-confirmation,P_PRE,B_JOINT8_P_PRE,B_DAMP8_P_PRE,prefix256,12,DEFINED,0.0009175609519084301,0.0009796852000237073,0.06341245954697883,"[-0.011346583815373078, 0.11873162745518455]",-0.0004922314877559517,"[-0.00224369981728606, 0.0010181855584783087]",9,0,3,2880,2880,0.7237273471175982,0.9026451816895963
allocation-confirmation,P_PRE,B_JOINT8_P_PRE,B_DAMP8_P_PRE,prefix512,12,DEFINED,0.000996277393618618,0.0011017473217959462,0.09572968873244259,"[0.06307653375340416, 0.12443327669692028]",-0.0008800667609276407,"[-0.0021631715638472573, 0.00023560206772288338]",10,0,2,5952,5952,1.5279530275727464,2.155710040084204
allocation-confirmation,P_PRE,B_JOINT8_P_PRE,B_DAMP8_P_PRE,primary1024,12,DEFINED,0.0011717296687019513,0.001301183867750228,0.09948955121316216,"[0.07284019115524984, 0.12194500814091565]",-0.0004554871142147941,"[-0.0014712433401689528, 0.0004753180974293317]",10,0,2,12096,12084,3.7968342636659065,5.362712255353863
allocation-confirmation,P_PRE,B_JOINT8_P_PRE,B_DAMP8_P_PRE,late512,12,DEFINED,0.0013416990601889305,0.001494388021643439,0.1021749098916025,"[0.06814891809905979, 0.1333268433226843]",-4.3370666524829524e-05,"[-0.0008859932674459987, 0.0008265755041234546]",9,0,3,6144,6132,2.2688812360931605,3.207002215269659
allocation-confirmation,P_PRE,B_JOINT8_P_PRE,B_DIAG8_P_PRE,prefix256,12,DEFINED,0.0009175609519084301,0.0009029954882884711,-0.016130162120262748,"[-0.09643108296416814, 0.04663294940559507]",-0.0005815266071547867,"[-0.0018103387942289156, 0.0006998409833556435]",4,0,8,2880,2880,0.7945561466353532,0.7526076114098714
allocation-confirmation,P_PRE,B_JOINT8_P_PRE,B_DIAG8_P_PRE,prefix512,12,DEFINED,0.000996277393618618,0.0010016869091142287,0.005400405502348216,"[-0.03378588280116478, 0.04260818187995206]",-0.0008215240513900737,"[-0.0013546925301943307, -0.0002227315027381837]",5,0,7,5952,5952,1.632773210060623,1.6649706462904992
allocation-confirmation,P_PRE,B_JOINT8_P_PRE,B_DIAG8_P_PRE,primary1024,12,DEFINED,0.0011717296687019513,0.0011566475589864524,-0.013039503345958714,"[-0.06295779352634456, 0.03345254894305227]",0.000303484024017527,"[-0.00042308965006568095, 0.0010736785623454853]",3,0,9,12096,12084,4.0760282655653155,3.8935950664466406
allocation-confirmation,P_PRE,B_JOINT8_P_PRE,B_DIAG8_P_PRE,late512,12,DEFINED,0.0013416990601889305,0.001306765688550169,-0.026732697334224786,"[-0.1065711228816079, 0.043283027701235766]",0.0013954683790119884,"[3.173571710775663e-05, 0.0029263188276380764]",4,0,8,6144,6132,2.443255055504692,2.228624420156142
allocation-confirmation,P_PRE,B_JOINT8_P_PRE,B_U8_P_PRE,prefix256,12,DEFINED,0.0009175609519084301,0.0013090577417080387,0.29906762499932926,"[0.20733454273932464, 0.36926643266162373]",0.0006673111931945487,"[-0.0020121239653318828, 0.0041242382284328]",11,0,1,2880,2880,0.6055484678944143,1.7330592225172874
allocation-confirmation,P_PRE,B_JOINT8_P_PRE,B_U8_P_PRE,prefix512,12,DEFINED,0.000996277393618618,0.0015273390785894543,0.3477038546419492,"[0.2941909535714481, 0.4015924918997563]",-0.0007083268871003784,"[-0.001872207262811201, 0.0009941215467335223]",12,0,0,5952,5952,1.154443597991787,4.3153227469382065
allocation-confirmation,P_PRE,B_JOINT8_P_PRE,B_U8_P_PRE,primary1024,12,DEFINED,0.0011717296687019513,0.0017555983967886615,0.33257533679383744,"[0.2719065129006278, 0.3989758661050287]",-0.0009429950355544241,"[-0.002294881065338113, 0.0004829561001440338]",12,0,0,12096,12084,3.1706526365301673,10.233128771467012
allocation-confirmation,P_PRE,B_JOINT8_P_PRE,B_U8_P_PRE,late512,12,DEFINED,0.0013416990601889305,0.001976724611294143,0.3212514011698713,"[0.24568262766245103, 0.3994643864663981]",-0.0011707746865000344,"[-0.003164856858989531, 0.0008663190707888093]",12,0,0,6144,6132,2.0162090385383804,5.917806024528804
allocation-confirmation,P_PRE,B_DIAG8_P_PRE,B_DAMP8_P_PRE,prefix256,12,DEFINED,0.0009029954882884711,0.0009796852000237073,0.07827995332927395,"[0.05434522445726852, 0.10276517331751876]",8.929511939883468e-05,"[-0.0011558692715190032, 0.0011649878364186005]",11,0,1,2880,2880,0.704263708242373,0.9251300780398528
allocation-confirmation,P_PRE,B_DIAG8_P_PRE,B_DAMP8_P_PRE,prefix512,12,DEFINED,0.0010016869091142287,0.0011017473217959462,0.09081974668984005,"[0.0454663831575271, 0.1343282941288061]",-5.854270953756691e-05,"[-0.0010778091062819159, 0.0008304528092479]",10,0,2,5952,5952,1.5587840107532478,2.1543435870348295
allocation-confirmation,P_PRE,B_DIAG8_P_PRE,B_DAMP8_P_PRE,primary1024,12,DEFINED,0.0011566475589864524,0.001301183867750228,0.11108061846300143,"[0.06802094095720387, 0.15164708636269889]",-0.0007589711382323211,"[-0.0016356251087382176, 1.0120768551248395e-05]",12,0,0,12096,12084,3.7545357480268873,5.5028469388335175
allocation-confirmation,P_PRE,B_DIAG8_P_PRE,B_DAMP8_P_PRE,late512,12,DEFINED,0.001306765688550169,0.001494388021643439,0.12555128278325867,"[0.05452765968567634, 0.1984814210470628]",-0.001438839045536818,"[-0.003033511448426019, -0.0001189672913905196]",11,0,1,6144,6132,2.195751737273639,3.348503351798689
allocation-confirmation,P_PRE,B_DIAG8_P_PRE,B_U8_P_PRE,prefix256,12,DEFINED,0.0009029954882884711,0.0013090577417080387,0.3101943027278107,"[0.2545262227446622, 0.3683254265023913]",0.0012488378003493357,"[-0.0010780328055569324, 0.0039008700666170975]",12,0,0,2880,2880,0.5880701260553338,1.7575294159036885
allocation-confirmation,P_PRE,B_DIAG8_P_PRE,B_U8_P_PRE,prefix512,12,DEFINED,0.0010016869091142287,0.0015273390785894543,0.3441620638428776,"[0.2854409711616766, 0.41023746950485535]",0.00011319716428969557,"[-0.0008109130522804599, 0.0012254929426744796]",12,0,0,5952,5952,1.2007845688885905,4.329466281605134
allocation-confirmation,P_PRE,B_DIAG8_P_PRE,B_U8_P_PRE,primary1024,12,DEFINED,0.0011566475589864524,0.0017555983967886615,0.34116620230333383,"[0.27187725474921, 0.42076673612689025]",-0.0012464790595719513,"[-0.0024544811711661725, -0.0001952068081513239]",12,0,0,12096,12084,3.0745689912680794,10.319478325323598
allocation-confirmation,P_PRE,B_DIAG8_P_PRE,B_U8_P_PRE,late512,12,DEFINED,0.001306765688550169,0.001976724611294143,0.33892375241149963,"[0.2496802241992238, 0.4334363196503852]",-0.002566243065512024,"[-0.004681875004741232, -0.0008333376446648216]",12,0,0,6144,6132,1.8737844223794888,5.9900120437184645
matched-allocation,P_PRE,B_DIAG8_P_PRE,B_MATCHED_ENERGY8_P_PRE,primary1024,11,DEFINED,0.0009149072823701632,0.0010473941117039498,0.12649185999169954,"[0.08989821065725359, 0.1574019633203563]",-0.0007890822722424835,"[-0.0012153239451095901, -0.00032324744085715545]",10,0,1,11088,11077,2.565231011740979,4.034244975394004
matched-allocation,P_PRE,B_DIAG8_P_PRE,B_MATCHED_ENERGY8_P_PRE,late512,11,DEFINED,0.0010157460777264129,0.0011627605573114896,0.12643572974731832,"[0.07593639063699299, 0.17318710740808851]",-0.001401674039627552,"[-0.00214797935344044, -0.0005646420628110792]",9,0,2,5632,5621,1.4586815022407484,2.2866670512639002
matched-allocation,P_PRE,B_MATCHED_ENERGY8_P_PRE,B_DAMP8_P_PRE,primary1024,11,DEFINED,0.0010473941117039498,0.0010363461100240943,-0.010660532782429843,"[-0.04646312639003503, 0.023909904795430207]",0.0004713588127647426,"[1.7491598990772156e-05, 0.000919608095726018]",4,0,7,11088,11077,3.3670248474648936,3.2445246048386553
matched-allocation,P_PRE,B_MATCHED_ENERGY8_P_PRE,B_DAMP8_P_PRE,late512,11,DEFINED,0.0011627605573114896,0.001154507841710461,-0.007148254262874243,"[-0.06350181285822432, 0.040837838498645314]",0.00019750697933320222,"[-0.000596064757291261, 0.0010371651272332702]",6,0,5,5632,5621,1.9134463063993763,1.8669670121343842
matched-allocation,P_PRE,B_DIAG8_P_PRE,B_DAMP8_P_PRE,primary1024,11,DEFINED,0.0009149072823701632,0.0010363461100240943,0.11717979782942178,"[0.08653926519967604, 0.14681099707928635]",-0.00031772345947774064,"[-0.0010838229196938707, 0.0004337819518276926]",11,0,0,11088,11077,2.5729975340981444,3.9195112551249296
matched-allocation,P_PRE,B_DIAG8_P_PRE,B_DAMP8_P_PRE,late512,11,DEFINED,0.0010157460777264129,0.001154507841710461,0.12019127022859,"[0.07572652831253046, 0.15598956077660062]",-0.00120416706029435,"[-0.002405999322456565, 0.00012957542180861388]",10,0,1,5632,5621,1.4482129803841626,2.2297192351423223
matched-allocation,P_PRE,B_MATCHED_ENERGY8_P_PRE,B_U8_P_PRE,primary1024,11,DEFINED,0.0010473941117039498,0.0013264292298149948,0.21036562813830917,"[0.15854149455244482, 0.2587481527452745]",0.000537893404221109,"[-0.00010147345849728268, 0.0011464946453485828]",11,0,0,11088,11077,2.7509679243720173,5.8449093139872845
matched-allocation,P_PRE,B_MATCHED_ENERGY8_P_PRE,B_U8_P_PRE,late512,11,DEFINED,0.0011627605573114896,0.0015186112291940659,0.23432637994612215,"[0.1663968949138165, 0.2963019762556425]",0.00023207339471523146,"[-0.0007061608374183457, 0.0013761226936996056]",10,0,1,5632,5621,1.5207168793357306,3.5248678633783985
matched-allocation,P_PRE,B_DIAG8_P_PRE,B_U8_P_PRE,primary1024,11,DEFINED,0.0009149072823701632,0.0013264292298149948,0.3102479485484718,"[0.28899152929780253, 0.3304121694085203]",-0.0002511888680213745,"[-0.0009289431437571579, 0.0005848633654800938]",11,0,0,11088,11077,2.0690146077574716,6.631969961025763
matched-allocation,P_PRE,B_DIAG8_P_PRE,B_U8_P_PRE,late512,11,DEFINED,0.0010157460777264129,0.0015186112291940659,0.3311348828459051,"[0.2993251963614833, 0.36109683499023837]",-0.0011696006449123206,"[-0.002443845256431044, 0.0004350421825619749]",11,0,0,5632,5621,1.089675662879717,3.9218121959455368
