document,domain,method,context,planned_KL_tokens,planned_NLL_tokens,KL,NLL,late_KL,KL_sum,NLL_sum,status,reason,late_KL_sum,late_tokens,KL_p99,KL_top_one_percent_mean,KL_max,KL_min,quantized_layers
test_natural_language_0,natural_language,NATIVE,512,496,495,0.0,0.9943686805454119,0.0,0.0,492.2124968699789,COMPLETE_WINDOW,,0.0,256,0.0,0.0,0.0,0.0,[]
test_natural_language_0,natural_language,MATCHED_ENERGY,512,496,495,0.0009719486306761897,0.9974861007822392,0.0008368959261084158,0.4820865208153901,493.7556198872084,COMPLETE_WINDOW,,0.21424535708375445,256,0.011164702375838605,0.013835627485710558,0.021730759227196767,4.3591043215503326e-07,"[0, 1, 2, 4, 5, 6, 8, 9, 10, 12, 13, 14, 16, 17, 18, 20, 21, 22]"
test_natural_language_0,natural_language,RTPA_DIAG,512,496,495,0.0008168308209950943,0.9910387888434142,0.0006981739828851441,0.40514808721356677,490.56420047749003,COMPLETE_WINDOW,,0.1787325396185969,256,0.009219027000489259,0.01661807464103155,0.022951287106905638,2.8584917989892827e-06,"[0, 1, 2, 4, 5, 6, 8, 9, 10, 12, 13, 14, 16, 17, 18, 20, 21, 22]"
test_natural_language_0,natural_language,DAMP_PAPER_ADAPTED,512,496,495,0.000996178196821349,0.9949550303946497,0.0008563726495777089,0.4941043856233891,492.50274004535163,COMPLETE_WINDOW,,0.21923139829189348,256,0.010303121629159872,0.01566724285392798,0.028681380321476213,1.7999855635241364e-07,"[0, 1, 2, 4, 5, 6, 8, 9, 10, 12, 13, 14, 16, 17, 18, 20, 21, 22]"
test_natural_language_0,natural_language,STORED_NEAREST,512,496,495,0.0005026141978890721,0.9951673049766697,0.0003712375663678732,0.24929664215297975,492.6078159634515,COMPLETE_WINDOW,,0.09503681699017553,256,0.0033462096071120305,0.005970190213018981,0.010353549476007841,9.374485004823478e-08,"[0, 12, 22]"
test_natural_language_0,natural_language,FA_CODE_FACTORIZED,512,496,495,0.0004114155677988513,0.9969115077573499,0.00035090070484833374,0.20406212162823023,493.4711963398882,COMPLETE_WINDOW,,0.08983058044117344,256,0.0024952985319938803,0.0038574489489235295,0.006684271299431912,6.223378834447939e-08,"[0, 12, 22]"
test_natural_language_1,natural_language,NATIVE,512,496,495,0.0,0.9820834104942525,0.0,0.0,486.131288194655,COMPLETE_WINDOW,,0.0,256,0.0,0.0,0.0,0.0,[]
test_natural_language_1,natural_language,MATCHED_ENERGY,512,496,495,0.0011241138420701408,0.9817886026358867,0.0008434880800806101,0.5575604656667899,485.98535830476396,COMPLETE_WINDOW,,0.21593294850063618,256,0.012641472830376808,0.02063145148689064,0.03937992915722512,6.921632983442739e-07,"[0, 1, 2, 4, 5, 6, 8, 9, 10, 12, 13, 14, 16, 17, 18, 20, 21, 22]"
test_natural_language_1,natural_language,RTPA_DIAG,512,496,495,0.0009122169125775629,0.9839535099710213,0.0008380043834576154,0.4524595886384712,487.0569874356555,COMPLETE_WINDOW,,0.21452912216514955,256,0.007478657094874215,0.015657641302965562,0.020525283583739368,5.069255204038787e-07,"[0, 1, 2, 4, 5, 6, 8, 9, 10, 12, 13, 14, 16, 17, 18, 20, 21, 22]"
test_natural_language_1,natural_language,DAMP_PAPER_ADAPTED,512,496,495,0.0009049698547418175,0.9781729377424129,0.0007549112585865409,0.4488650479519415,484.1956041824944,COMPLETE_WINDOW,,0.19325728219815447,256,0.007614415234897491,0.0114150007801157,0.01730324717400444,7.570798175547184e-07,"[0, 1, 2, 4, 5, 6, 8, 9, 10, 12, 13, 14, 16, 17, 18, 20, 21, 22]"
test_natural_language_1,natural_language,STORED_NEAREST,512,496,495,0.00045137579583384653,0.9820127672916881,0.00037086496002203327,0.22388239473358787,486.0963198093856,COMPLETE_WINDOW,,0.09494142976564052,256,0.002765098835724972,0.0038049509120041645,0.0059816186467902595,1.0108353141905367e-07,"[0, 12, 22]"
test_natural_language_1,natural_language,FA_CODE_FACTORIZED,512,496,495,0.000396159091639508,0.9827487203767856,0.0003634850416557533,0.19649490945319595,486.4606165865089,COMPLETE_WINDOW,,0.09305217066387285,256,0.0023342924698621773,0.005212364302405599,0.010290189584581552,3.188700540994222e-08,"[0, 12, 22]"
test_natural_language_2,natural_language,NATIVE,512,496,495,0.0,0.9946871545144175,0.0,0.0,492.37014148463663,COMPLETE_WINDOW,,0.0,256,0.0,0.0,0.0,0.0,[]
test_natural_language_2,natural_language,MATCHED_ENERGY,512,496,495,0.0008889557343082529,0.9947119636658089,0.0006953914684681744,0.4409220442168934,492.3824220145754,COMPLETE_WINDOW,,0.17802021592785264,256,0.007640190391603764,0.010374667545316164,0.013172127120370178,2.147337236543444e-06,"[0, 1, 2, 4, 5, 6, 8, 9, 10, 12, 13, 14, 16, 17, 18, 20, 21, 22]"
test_natural_language_2,natural_language,RTPA_DIAG,512,496,495,0.0007970739357642578,0.9951693655215889,0.0006835281979832856,0.3953486721390719,492.60883593318647,COMPLETE_WINDOW,,0.1749832186837211,256,0.00725808571498852,0.010632595918256266,0.015856721038128657,3.0225042720904094e-06,"[0, 1, 2, 4, 5, 6, 8, 9, 10, 12, 13, 14, 16, 17, 18, 20, 21, 22]"
test_natural_language_2,natural_language,DAMP_PAPER_ADAPTED,512,496,495,0.001014433364375139,0.994944584716979,0.0008072466569126161,0.503158948730069,492.4975694349046,COMPLETE_WINDOW,,0.2066551441696297,256,0.011236675003176292,0.015672207402412975,0.020378477269865226,7.953612547484952e-07,"[0, 1, 2, 4, 5, 6, 8, 9, 10, 12, 13, 14, 16, 17, 18, 20, 21, 22]"
test_natural_language_2,natural_language,STORED_NEAREST,512,496,495,0.0005107302684849291,0.9954484644540302,0.0003587190227339888,0.2533222131685248,492.74698990474496,COMPLETE_WINDOW,,0.09183206981990114,256,0.004462537343203139,0.00691188869223418,0.012917275122229932,2.5796223686995657e-08,"[0, 12, 22]"
test_natural_language_2,natural_language,FA_CODE_FACTORIZED,512,496,495,0.0004391347077026986,0.9966084957940229,0.00037488014923391636,0.2178108150205385,493.3212054180413,COMPLETE_WINDOW,,0.09596931820388259,256,0.0032487703758371043,0.004349978845838878,0.005922440638741644,1.6281772536905033e-07,"[0, 12, 22]"
test_natural_language_3,natural_language,NATIVE,512,496,495,0.0,0.9466010444766324,0.0,0.0,468.56751701593305,COMPLETE_WINDOW,,0.0,256,0.0,0.0,0.0,0.0,[]
test_natural_language_3,natural_language,MATCHED_ENERGY,512,496,495,0.0009624544968043496,0.9483650317091625,0.0007194393216145876,0.4773774304149574,469.44069069603546,COMPLETE_WINDOW,,0.18417646633333443,256,0.008549962957119813,0.012794577905794805,0.02164943025307924,7.885933103481855e-07,"[0, 1, 2, 4, 5, 6, 8, 9, 10, 12, 13, 14, 16, 17, 18, 20, 21, 22]"
test_natural_language_3,natural_language,RTPA_DIAG,512,496,495,0.0007589803315416928,0.9469972012899596,0.0006423114852740806,0.3764542444446796,468.76361463853,COMPLETE_WINDOW,,0.16443174023016463,256,0.006154559159043228,0.008256018490257092,0.013790817180921316,2.791996444980365e-06,"[0, 1, 2, 4, 5, 6, 8, 9, 10, 12, 13, 14, 16, 17, 18, 20, 21, 22]"
test_natural_language_3,natural_language,DAMP_PAPER_ADAPTED,512,496,495,0.0010024411600537274,0.9473119757255503,0.0007927720836209397,0.4972108153866488,468.9194279841474,COMPLETE_WINDOW,,0.20294965340696056,256,0.00842267235852911,0.01287659836121699,0.015163527645407852,2.1422993514569977e-06,"[0, 1, 2, 4, 5, 6, 8, 9, 10, 12, 13, 14, 16, 17, 18, 20, 21, 22]"
test_natural_language_3,natural_language,STORED_NEAREST,512,496,495,0.00039883415341431997,0.9474865302365528,0.00029372568625054223,0.1978217400935027,469.0058324670936,COMPLETE_WINDOW,,0.07519377568013881,256,0.0024177173691590863,0.0027518615362209435,0.003668305325251966,1.1397602486576005e-07,"[0, 12, 22]"
test_natural_language_3,natural_language,FA_CODE_FACTORIZED,512,496,495,0.0003848050731742379,0.9473336678340667,0.0003274914827131272,0.190863316294422,468.930165577863,COMPLETE_WINDOW,,0.08383781957456056,256,0.00253102131254994,0.0036336233871645815,0.004749000249098473,8.335688279995093e-08,"[0, 12, 22]"
test_code_0,code,NATIVE,512,496,495,0.0,0.8891055555312823,0.0,0.0,440.10724998798474,COMPLETE_WINDOW,,0.0,256,0.0,0.0,0.0,0.0,[]
test_code_0,code,MATCHED_ENERGY,512,496,495,0.0007318734195755309,0.8911534688858544,0.0005227813372095265,0.3630092161094633,441.12096709849794,COMPLETE_WINDOW,,0.1338320223256388,256,0.005156098864191683,0.007473155402674121,0.010015546583663042,9.289065470604501e-08,"[0, 1, 2, 4, 5, 6, 8, 9, 10, 12, 13, 14, 16, 17, 18, 20, 21, 22]"
test_code_0,code,RTPA_DIAG,512,496,495,0.0006350944899545842,0.8897284135043058,0.0005622129099351092,0.31500686701747377,440.41556468463136,COMPLETE_WINDOW,,0.14392650494338796,256,0.00351439388324797,0.0046357762969807354,0.006850171569047239,2.950207328983754e-07,"[0, 1, 2, 4, 5, 6, 8, 9, 10, 12, 13, 14, 16, 17, 18, 20, 21, 22]"
test_code_0,code,DAMP_PAPER_ADAPTED,512,496,495,0.0006834254916761447,0.8891308679948615,0.0005335722323899996,0.33897904387136774,440.11977965745643,COMPLETE_WINDOW,,0.1365944914918399,256,0.005194108928478011,0.006202148642494794,0.0068400675186215745,1.0775869331567576e-07,"[0, 1, 2, 4, 5, 6, 8, 9, 10, 12, 13, 14, 16, 17, 18, 20, 21, 22]"
test_code_0,code,STORED_NEAREST,512,496,495,0.000449300757929934,0.8887641253081449,0.00038690854983478425,0.22285317593324727,439.9382420275317,COMPLETE_WINDOW,,0.09904858875770477,256,0.0021516331505774438,0.0032645719674813355,0.0056170092563273145,2.7570225536800033e-08,"[0, 12, 22]"
test_code_0,code,FA_CODE_FACTORIZED,512,496,495,0.00044929323096614955,0.8903878914822263,0.0003843434057106773,0.2228494425592102,440.74200628370204,COMPLETE_WINDOW,,0.09839191186193338,256,0.0024407182169601084,0.0035603647784739115,0.005453896260568939,1.1888614926021761e-08,"[0, 12, 22]"
test_code_1,code,NATIVE,512,496,495,0.0,0.8876466905998828,0.0,0.0,439.385111846942,COMPLETE_WINDOW,,0.0,256,0.0,0.0,0.0,0.0,[]
test_code_1,code,MATCHED_ENERGY,512,496,495,0.0008651778581358282,0.8872298974866554,0.0006777629345898126,0.4291282176353708,439.17879925589443,COMPLETE_WINDOW,,0.17350731125499202,256,0.008706583404488889,0.021597710774822598,0.031926773210083456,4.8549021950270187e-08,"[0, 1, 2, 4, 5, 6, 8, 9, 10, 12, 13, 14, 16, 17, 18, 20, 21, 22]"
test_code_1,code,RTPA_DIAG,512,496,495,0.0006506637022462881,0.886078922735769,0.0005761359329783499,0.3227291963141589,438.6090667542057,COMPLETE_WINDOW,,0.14749079884245758,256,0.003574339379797814,0.011264388952441015,0.03390116903234738,6.850138927340326e-07,"[0, 1, 2, 4, 5, 6, 8, 9, 10, 12, 13, 14, 16, 17, 18, 20, 21, 22]"
test_code_1,code,DAMP_PAPER_ADAPTED,512,496,495,0.0008208616943607548,0.8858206442341544,0.000558403276772072,0.40714740040293435,438.4812188959064,COMPLETE_WINDOW,,0.14295123885365044,256,0.007344956563929044,0.009769452290022617,0.013752857495409814,1.29831009387306e-08,"[0, 1, 2, 4, 5, 6, 8, 9, 10, 12, 13, 14, 16, 17, 18, 20, 21, 22]"
test_code_1,code,STORED_NEAREST,512,496,495,0.00042686958571686994,0.8895941090619117,0.00031580065984364834,0.21172731451556748,440.3490839856463,COMPLETE_WINDOW,,0.08084496891997398,256,0.0022270863495180084,0.0029911309914713185,0.004248161641447611,3.554988873833166e-08,"[0, 12, 22]"
test_code_1,code,FA_CODE_FACTORIZED,512,496,495,0.0004418868402945254,0.8883669631167559,0.0003461926623121156,0.2191758727860846,439.74164674279416,COMPLETE_WINDOW,,0.08862532155190159,256,0.0022185372553172296,0.003703732355981678,0.005945688271908058,7.357118063119508e-09,"[0, 12, 22]"
test_code_2,code,NATIVE,512,496,495,0.0,0.8887998775835924,0.0,0.0,439.95593940387823,COMPLETE_WINDOW,,0.0,256,0.0,0.0,0.0,0.0,[]
test_code_2,code,MATCHED_ENERGY,512,496,495,0.000809248683239031,0.8878321555941178,0.0006521441610271158,0.4013873468865594,439.4769170190883,COMPLETE_WINDOW,,0.16694890522294165,256,0.005994708059912869,0.010174433107190278,0.022069999160127488,2.6598866925373407e-07,"[0, 1, 2, 4, 5, 6, 8, 9, 10, 12, 13, 14, 16, 17, 18, 20, 21, 22]"
test_code_2,code,RTPA_DIAG,512,496,495,0.0006327865651387813,0.8877865661592365,0.0005365125415933024,0.3138621363088355,439.45435024882204,COMPLETE_WINDOW,,0.1373472106478854,256,0.005654509975703459,0.008482944684807408,0.01473197458797295,1.364779154635501e-07,"[0, 1, 2, 4, 5, 6, 8, 9, 10, 12, 13, 14, 16, 17, 18, 20, 21, 22]"
test_code_2,code,DAMP_PAPER_ADAPTED,512,496,495,0.0009540342370480657,0.8883359886196908,0.0007240972139630431,0.4732009815758406,439.7263143667469,COMPLETE_WINDOW,,0.18536888677453903,256,0.007845714225048933,0.01900229327017038,0.051474664645714284,2.385339880843341e-08,"[0, 1, 2, 4, 5, 6, 8, 9, 10, 12, 13, 14, 16, 17, 18, 20, 21, 22]"
test_code_2,code,STORED_NEAREST,512,496,495,0.00042966302478116475,0.8896817912126705,0.0003611159162247196,0.2131128602914577,440.3924866502719,COMPLETE_WINDOW,,0.09244567455352821,256,0.002740789526327539,0.0034563380944681544,0.004234145285887198,1.2111903164065466e-08,"[0, 12, 22]"
test_code_2,code,FA_CODE_FACTORIZED,512,496,495,0.0004357229258867377,0.8894535416406872,0.0003622575499794017,0.2161185712398219,440.27950311214016,COMPLETE_WINDOW,,0.09273793279472684,256,0.002027127288786826,0.003072583251514143,0.0052269078735160835,7.20238499783551e-08,"[0, 12, 22]"
test_code_3,code,NATIVE,512,496,495,0.0,0.8742685349856296,0.0,0.0,432.76292481788664,COMPLETE_WINDOW,,0.0,256,0.0,0.0,0.0,0.0,[]
test_code_3,code,MATCHED_ENERGY,512,496,495,0.0010393977718044887,0.8734465693549485,0.0007126646924596711,0.5155412948150264,432.35605183069947,COMPLETE_WINDOW,,0.1824421612696758,256,0.011123100360866115,0.023296888597033705,0.04268150365789115,1.96443642602708e-07,"[0, 1, 2, 4, 5, 6, 8, 9, 10, 12, 13, 14, 16, 17, 18, 20, 21, 22]"
test_code_3,code,RTPA_DIAG,512,496,495,0.0006710665579624006,0.8727943100824492,0.0005631113664582827,0.3328490127493507,432.03318349081235,COMPLETE_WINDOW,,0.14415650981332037,256,0.005263875319729892,0.006753161511164413,0.008108482956455844,7.731511992825577e-08,"[0, 1, 2, 4, 5, 6, 8, 9, 10, 12, 13, 14, 16, 17, 18, 20, 21, 22]"
test_code_3,code,DAMP_PAPER_ADAPTED,512,496,495,0.0009691241117441685,0.8737580446630218,0.0007424378337947604,0.4806855594251076,432.5102321081958,COMPLETE_WINDOW,,0.19006408545145867,256,0.010518477865363158,0.019583154328057708,0.036331799981541645,1.916093572376144e-07,"[0, 1, 2, 4, 5, 6, 8, 9, 10, 12, 13, 14, 16, 17, 18, 20, 21, 22]"
test_code_3,code,STORED_NEAREST,512,496,495,0.0004222403356293063,0.8730323123753525,0.0003516466159787785,0.20943120647213592,432.1509946257995,COMPLETE_WINDOW,,0.0900215336905673,256,0.001990025965147647,0.0029789134246952917,0.0038062946837062843,1.6853000912024606e-08,"[0, 12, 22]"
test_code_3,code,FA_CODE_FACTORIZED,512,496,495,0.00045672759292149156,0.8759425833941917,0.0004109029767682717,0.2265368860890598,433.5915787801249,COMPLETE_WINDOW,,0.10519116205267756,256,0.0021764188210179245,0.0031096039510495393,0.004007637957072455,5.409399328917649e-09,"[0, 12, 22]"
test_associative_recall_0,associative_recall,NATIVE,512,496,495,0.0,1.249110401987171,0.0,0.0,618.3096489836497,COMPLETE_WINDOW,,0.0,256,0.0,0.0,0.0,0.0,[]
test_associative_recall_0,associative_recall,MATCHED_ENERGY,512,496,495,0.0011141306703333698,1.2481080606559964,0.001175176925931096,0.5526088124853514,617.8134900247182,COMPLETE_WINDOW,,0.30084529303836055,256,0.008335910054175825,0.022075771672793235,0.0654098048564158,7.32986979582226e-07,"[0, 1, 2, 4, 5, 6, 8, 9, 10, 12, 13, 14, 16, 17, 18, 20, 21, 22]"
test_associative_recall_0,associative_recall,RTPA_DIAG,512,496,495,0.0007923111415144126,1.249508542489721,0.0008470102019706137,0.39298632619114865,618.5067285324119,COMPLETE_WINDOW,,0.2168346117044771,256,0.003327817627534461,0.018917805204114735,0.078839726654941,5.935673206519788e-07,"[0, 1, 2, 4, 5, 6, 8, 9, 10, 12, 13, 14, 16, 17, 18, 20, 21, 22]"
test_associative_recall_0,associative_recall,DAMP_PAPER_ADAPTED,512,496,495,0.000680816540124083,1.247493075356916,0.0005428128055851219,0.3376850039015452,617.5090723016734,COMPLETE_WINDOW,,0.1389600782297912,256,0.0036894707769713595,0.006275724386398762,0.009028850809791971,1.2397044371862716e-07,"[0, 1, 2, 4, 5, 6, 8, 9, 10, 12, 13, 14, 16, 17, 18, 20, 21, 22]"
test_associative_recall_0,associative_recall,STORED_NEAREST,512,496,495,0.0005930021281417335,1.2491414677985233,0.0005716238415026907,0.2941290555582998,618.3250265602691,COMPLETE_WINDOW,,0.14633570342468882,256,0.0029797367678131184,0.004285995352405758,0.006955812457775934,3.5842126523743366e-08,"[0, 12, 22]"
test_associative_recall_0,associative_recall,FA_CODE_FACTORIZED,512,496,495,0.0005282606095367299,1.2482528534688029,0.0005256843728203559,0.26201726233021805,617.8851624670574,COMPLETE_WINDOW,,0.1345751994420111,256,0.0019532294782371074,0.0026829847561075236,0.004123347358962451,2.2385663691765556e-08,"[0, 12, 22]"
test_associative_recall_1,associative_recall,NATIVE,512,496,495,0.0,1.253195583323499,0.0,0.0,620.331813745132,COMPLETE_WINDOW,,0.0,256,0.0,0.0,0.0,0.0,[]
test_associative_recall_1,associative_recall,MATCHED_ENERGY,512,496,495,0.0012491263006081438,1.2539116126685408,0.0009005194360560694,0.6195666451016393,620.6862482709276,COMPLETE_WINDOW,,0.23053297563035377,256,0.01212891965154547,0.016633475850363462,0.024208491204450223,2.3984874030547153e-07,"[0, 1, 2, 4, 5, 6, 8, 9, 10, 12, 13, 14, 16, 17, 18, 20, 21, 22]"
test_associative_recall_1,associative_recall,RTPA_DIAG,512,496,495,0.0008641820743066796,1.2534233387128513,0.0007127566930142489,0.4286343088561131,620.4445526628614,COMPLETE_WINDOW,,0.18246571341164772,256,0.007487412421161274,0.010558499859642736,0.016354624922584216,4.38694916954069e-07,"[0, 1, 2, 4, 5, 6, 8, 9, 10, 12, 13, 14, 16, 17, 18, 20, 21, 22]"
test_associative_recall_1,associative_recall,DAMP_PAPER_ADAPTED,512,496,495,0.0008027156524567567,1.2547936544827352,0.0006533522194822112,0.3981469636185513,621.1228589689539,COMPLETE_WINDOW,,0.16725816818744607,256,0.004606885028276591,0.006088463330659079,0.008334462754568195,7.895729570244987e-08,"[0, 1, 2, 4, 5, 6, 8, 9, 10, 12, 13, 14, 16, 17, 18, 20, 21, 22]"
test_associative_recall_1,associative_recall,STORED_NEAREST,512,496,495,0.000559140857008645,1.2531891883848127,0.0005025114066091777,0.27733386507628793,620.3286482504823,COMPLETE_WINDOW,,0.1286429200919495,256,0.0019953515759819356,0.0025834837305547553,0.00330743735354674,3.236814760886288e-08,"[0, 12, 22]"
test_associative_recall_1,associative_recall,FA_CODE_FACTORIZED,512,496,495,0.0005354791410770374,1.2525324429520368,0.0004968199083336922,0.26559765397421053,620.0035592612583,COMPLETE_WINDOW,,0.1271858965334252,256,0.0020863395800069,0.0022632754067399155,0.002462942854987868,1.829883477269305e-08,"[0, 12, 22]"
test_associative_recall_2,associative_recall,NATIVE,512,496,495,0.0,1.2530365541733126,0.0,0.0,620.2530943157898,COMPLETE_WINDOW,,0.0,256,0.0,0.0,0.0,0.0,[]
test_associative_recall_2,associative_recall,MATCHED_ENERGY,512,496,495,0.0007570759736185555,1.2532448713446427,0.0005367673657139739,0.3755096829148035,620.3562113155981,COMPLETE_WINDOW,,0.13741244562277732,256,0.004876409622081685,0.007083606125418754,0.009055027775178769,7.165454425020369e-08,"[0, 1, 2, 4, 5, 6, 8, 9, 10, 12, 13, 14, 16, 17, 18, 20, 21, 22]"
test_associative_recall_2,associative_recall,RTPA_DIAG,512,496,495,0.0006801318710459757,1.2521996520222176,0.0005630363956840283,0.337345408038804,619.8388277509977,COMPLETE_WINDOW,,0.14413731729511126,256,0.0029864777422778125,0.0038536739116447325,0.004442460169987073,6.397251912179554e-08,"[0, 1, 2, 4, 5, 6, 8, 9, 10, 12, 13, 14, 16, 17, 18, 20, 21, 22]"
test_associative_recall_2,associative_recall,DAMP_PAPER_ADAPTED,512,496,495,0.0008960187302317529,1.252928646456524,0.0006808085873737791,0.4444252901949495,620.1996799959793,COMPLETE_WINDOW,,0.17428699836768746,256,0.006250468445646992,0.009952579557651765,0.018096205802991108,2.1682996924778674e-07,"[0, 1, 2, 4, 5, 6, 8, 9, 10, 12, 13, 14, 16, 17, 18, 20, 21, 22]"
test_associative_recall_2,associative_recall,STORED_NEAREST,512,496,495,0.0005621231119335351,1.2537799293738252,0.00048274239369093796,0.2788130635190334,620.6210650400435,COMPLETE_WINDOW,,0.12358205278488012,256,0.002063280464376922,0.002989583741537229,0.0047282666456869085,1.5309718008497625e-08,"[0, 12, 22]"
test_associative_recall_2,associative_recall,FA_CODE_FACTORIZED,512,496,495,0.0005402963348804408,1.253086726021559,0.00045662520396017313,0.2679869821006986,620.2779293806717,COMPLETE_WINDOW,,0.11689605221380432,256,0.0023202513946569523,0.0029449720047567615,0.004358481588447337,1.1185643473604583e-08,"[0, 12, 22]"
test_associative_recall_3,associative_recall,NATIVE,512,496,495,0.0,1.2484555707822322,0.0,0.0,617.985507537205,COMPLETE_WINDOW,,0.0,256,0.0,0.0,0.0,0.0,[]
test_associative_recall_3,associative_recall,MATCHED_ENERGY,512,496,495,0.000864012747034578,1.2484211812477592,0.0007238425975356881,0.4285503225291507,617.9684847176409,COMPLETE_WINDOW,,0.18530370496913615,256,0.004076661355384917,0.0056306267809857,0.00839656830968813,7.520872855309761e-07,"[0, 1, 2, 4, 5, 6, 8, 9, 10, 12, 13, 14, 16, 17, 18, 20, 21, 22]"
test_associative_recall_3,associative_recall,RTPA_DIAG,512,496,495,0.0007014527529943813,1.2508577665774325,0.0005792786368481525,0.34792056548521316,619.1745944558292,COMPLETE_WINDOW,,0.14829533103312703,256,0.003200756826325311,0.003706398349021146,0.004342085725695193,6.415926488858472e-08,"[0, 1, 2, 4, 5, 6, 8, 9, 10, 12, 13, 14, 16, 17, 18, 20, 21, 22]"
test_associative_recall_3,associative_recall,DAMP_PAPER_ADAPTED,512,496,495,0.000764966224979004,1.2489208414128745,0.0006489892041295261,0.379423247589586,618.2158164993729,COMPLETE_WINDOW,,0.16614123625715868,256,0.0036977608382067887,0.005015343798074379,0.008538169401174505,1.3913557291683613e-07,"[0, 1, 2, 4, 5, 6, 8, 9, 10, 12, 13, 14, 16, 17, 18, 20, 21, 22]"
test_associative_recall_3,associative_recall,STORED_NEAREST,512,496,495,0.0005879673861967651,1.2494709176464383,0.0005659120761211351,0.2916318235535955,618.488104234987,COMPLETE_WINDOW,,0.1448734914870106,256,0.00195365770846676,0.0020742345913386403,0.002329621146756415,3.011768818610236e-08,"[0, 12, 22]"
test_associative_recall_3,associative_recall,FA_CODE_FACTORIZED,512,496,495,0.0005629605367148716,1.2512969851239342,0.0005241281013606713,0.2792284262105763,619.3920076363474,COMPLETE_WINDOW,,0.13417679394833185,256,0.0019545221307643353,0.002243576719815329,0.0030803941636115707,1.4062604765087383e-08,"[0, 12, 22]"
test_natural_language_0,natural_language,NATIVE,1024,1008,1007,0.0,0.7632191512459554,0.0,0.0,768.5616853046771,COMPLETE_WINDOW,,0.0,512,0.0,0.0,0.0,0.0,[]
test_natural_language_0,natural_language,MATCHED_ENERGY,1024,1008,1007,0.0010950838615035314,0.7659550897281809,0.0012143711163675186,1.1038445323955597,771.3167753562782,COMPLETE_WINDOW,,0.6217580115801695,512,0.015089956337882068,0.026937715212321408,0.06659354750109972,3.963999826263875e-07,"[0, 1, 2, 4, 5, 6, 8, 9, 10, 12, 13, 14, 16, 17, 18, 20, 21, 22]"
test_natural_language_0,natural_language,RTPA_DIAG,1024,1008,1007,0.0008417782629251925,0.7632972409272442,0.0008659460972949754,0.8485124890285941,768.6403216137348,COMPLETE_WINDOW,,0.4433644018150274,512,0.013848339023578252,0.018597269739551916,0.030689633611524103,1.6633119100602577e-06,"[0, 1, 2, 4, 5, 6, 8, 9, 10, 12, 13, 14, 16, 17, 18, 20, 21, 22]"
test_natural_language_0,natural_language,DAMP_PAPER_ADAPTED,1024,1008,1007,0.001012793210782923,0.7652052693522073,0.0010288890055581976,1.0208955564691864,770.5617062376728,COMPLETE_WINDOW,,0.5267911708457972,512,0.016018122632126385,0.02355781103596314,0.040490431281527406,1.7999855635241364e-07,"[0, 1, 2, 4, 5, 6, 8, 9, 10, 12, 13, 14, 16, 17, 18, 20, 21, 22]"
test_natural_language_0,natural_language,STORED_NEAREST,1024,1008,1007,0.00044213757537887725,0.7655181716338948,0.0003835508473221259,0.44567467598190824,770.876798835332,COMPLETE_WINDOW,,0.19637803382892846,512,0.003948855883409102,0.005697745988098652,0.010353549476007841,9.374485004823478e-08,"[0, 12, 22]"
test_natural_language_0,natural_language,FA_CODE_FACTORIZED,1024,1008,1007,0.0004248966918225049,0.7655167347675059,0.00043795653072041925,0.4282958653570849,770.8753519108785,COMPLETE_WINDOW,,0.22423374372885466,512,0.003188161341022018,0.007037571498074779,0.020398662578726134,6.223378834447939e-08,"[0, 12, 22]"
test_natural_language_1,natural_language,NATIVE,1024,1008,1007,0.0,0.7494957645843446,0.0,0.0,754.742234936435,COMPLETE_WINDOW,,0.0,512,0.0,0.0,0.0,0.0,[]
test_natural_language_1,natural_language,MATCHED_ENERGY,1024,1008,1007,0.0010975395978012332,0.7497306225723636,0.001071795798665729,1.106319914583643,754.9787369303701,COMPLETE_WINDOW,,0.5487594489168532,512,0.01758468681242657,0.023209232044406714,0.03937992915722512,6.921632983442739e-07,"[0, 1, 2, 4, 5, 6, 8, 9, 10, 12, 13, 14, 16, 17, 18, 20, 21, 22]"
test_natural_language_1,natural_language,RTPA_DIAG,1024,1008,1007,0.0008202327633307477,0.7487062143601989,0.0007311231187478955,0.8267946254373937,753.9471578607203,COMPLETE_WINDOW,,0.3743350367989225,512,0.008345828288064187,0.013693202735194837,0.020525283583739368,5.069255204038787e-07,"[0, 1, 2, 4, 5, 6, 8, 9, 10, 12, 13, 14, 16, 17, 18, 20, 21, 22]"
test_natural_language_1,natural_language,DAMP_PAPER_ADAPTED,1024,1008,1007,0.0009592804844173576,0.7483136551916676,0.001011893906915537,0.9669547282926965,753.5518507780092,COMPLETE_WINDOW,,0.518089680340755,512,0.012264002311694673,0.016016551801311448,0.024023265067922447,7.435208829798717e-07,"[0, 1, 2, 4, 5, 6, 8, 9, 10, 12, 13, 14, 16, 17, 18, 20, 21, 22]"
test_natural_language_1,natural_language,STORED_NEAREST,1024,1008,1007,0.00039349900023114324,0.7501924922653519,0.0003374308544910244,0.3966469922329924,755.4438397112093,COMPLETE_WINDOW,,0.17276459749940448,512,0.0028793192063701653,0.0036811850157377523,0.0059816186467902595,1.0108353141905367e-07,"[0, 12, 22]"
test_natural_language_1,natural_language,FA_CODE_FACTORIZED,1024,1008,1007,0.000385839527182761,0.7507728528731243,0.0003758424491152873,0.3889262434002231,756.0282628432362,COMPLETE_WINDOW,,0.1924313339470271,512,0.003718085028867738,0.005293582926228837,0.010290189584581552,3.188700540994222e-08,"[0, 12, 22]"
test_natural_language_2,natural_language,NATIVE,1024,1008,1007,0.0,0.7451382908629349,0.0,0.0,750.3542588989754,COMPLETE_WINDOW,,0.0,512,0.0,0.0,0.0,0.0,[]
test_natural_language_2,natural_language,MATCHED_ENERGY,1024,1008,1007,0.0008774843675786065,0.7451662626079216,0.0008663714810592618,0.8845042425192354,750.3824264461771,COMPLETE_WINDOW,,0.443582198302342,512,0.009742395246021133,0.01624169186383703,0.03209184072409899,9.97545939193806e-07,"[0, 1, 2, 4, 5, 6, 8, 9, 10, 12, 13, 14, 16, 17, 18, 20, 21, 22]"
test_natural_language_2,natural_language,RTPA_DIAG,1024,1008,1007,0.000770095007989515,0.7461464932712933,0.0007439591717077329,0.7762557680534311,751.3695187241924,COMPLETE_WINDOW,,0.38090709591435923,512,0.009418209523600887,0.014406625283854118,0.02118514040609301,5.997186681586257e-07,"[0, 1, 2, 4, 5, 6, 8, 9, 10, 12, 13, 14, 16, 17, 18, 20, 21, 22]"
test_natural_language_2,natural_language,DAMP_PAPER_ADAPTED,1024,1008,1007,0.0008433432761027675,0.7461484093939618,0.0006775997530889074,0.8500900223115896,751.3714482597195,COMPLETE_WINDOW,,0.3469310735815206,512,0.01053140886299128,0.013819705505388653,0.020378477269865226,7.953612547484952e-07,"[0, 1, 2, 4, 5, 6, 8, 9, 10, 12, 13, 14, 16, 17, 18, 20, 21, 22]"
test_natural_language_2,natural_language,STORED_NEAREST,1024,1008,1007,0.00045779758083122016,0.7457698921153678,0.00040651903966668973,0.46145996147786994,750.9902813601753,COMPLETE_WINDOW,,0.20813774830934514,512,0.004621016830626198,0.006820101885189697,0.012917275122229932,2.5796223686995657e-08,"[0, 12, 22]"
test_natural_language_2,natural_language,FA_CODE_FACTORIZED,1024,1008,1007,0.00039090157737898515,0.7463627333285897,0.0003441757323778878,0.39402878999801705,751.5872724618898,COMPLETE_WINDOW,,0.17621797497747854,512,0.0032442866952649284,0.004031710556725263,0.005922440638741644,1.6281772536905033e-07,"[0, 12, 22]"
test_natural_language_3,natural_language,NATIVE,1024,1008,1007,0.0,0.7450634632286534,0.0,0.0,750.2789074712539,COMPLETE_WINDOW,,0.0,512,0.0,0.0,0.0,0.0,[]
test_natural_language_3,natural_language,MATCHED_ENERGY,1024,1008,1007,0.0008824068139828315,0.7464088813811168,0.0008048606212494858,0.8894660684946941,751.6337435507846,COMPLETE_WINDOW,,0.4120886380797367,512,0.00863883613900754,0.013762031162162867,0.02699019988051124,7.885933103481855e-07,"[0, 1, 2, 4, 5, 6, 8, 9, 10, 12, 13, 14, 16, 17, 18, 20, 21, 22]"
test_natural_language_3,natural_language,RTPA_DIAG,1024,1008,1007,0.0007439942705588272,0.7456902665344012,0.0007294765239816761,0.7499462247232977,750.910098400142,COMPLETE_WINDOW,,0.3734919802786182,512,0.007808548165522253,0.011238959254778781,0.017914907087472356,1.9870614222343296e-06,"[0, 1, 2, 4, 5, 6, 8, 9, 10, 12, 13, 14, 16, 17, 18, 20, 21, 22]"
test_natural_language_3,natural_language,DAMP_PAPER_ADAPTED,1024,1008,1007,0.0009380043916925758,0.7457083503354064,0.0008755812723427103,0.9455084268261165,750.9283087877542,COMPLETE_WINDOW,,0.44829761143946767,512,0.010110381124119284,0.015295508699031096,0.026046549402440833,1.0252016260972814e-06,"[0, 1, 2, 4, 5, 6, 8, 9, 10, 12, 13, 14, 16, 17, 18, 20, 21, 22]"
test_natural_language_3,natural_language,STORED_NEAREST,1024,1008,1007,0.0004322390428725048,0.7450564692531972,0.0004646000295351214,0.43569695521548485,750.2718645379696,COMPLETE_WINDOW,,0.23787521512198215,512,0.0042914979086081904,0.005697510375907811,0.007184743260024258,1.1397602486576005e-07,"[0, 12, 22]"
test_natural_language_3,natural_language,FA_CODE_FACTORIZED,1024,1008,1007,0.0003900964460092783,0.7453584571389897,0.00039522246344322377,0.39321721757735256,750.5759663389626,COMPLETE_WINDOW,,0.20235390128293057,512,0.0028941214731041626,0.005110108320357777,0.010483672024500443,8.335688279995093e-08,"[0, 12, 22]"
test_code_0,code,NATIVE,1024,1008,1007,0.0,0.7409177361831757,0.0,0.0,746.1041603364579,COMPLETE_WINDOW,,0.0,512,0.0,0.0,0.0,0.0,[]
test_code_0,code,MATCHED_ENERGY,1024,1008,1007,0.0007184459945499758,0.7425333811338967,0.0007054381765564693,0.7241935625063756,747.731114801834,COMPLETE_WINDOW,,0.36118434639691227,512,0.006962952927004444,0.011206206457086674,0.017760015316785692,9.289065470604501e-08,"[0, 1, 2, 4, 5, 6, 8, 9, 10, 12, 13, 14, 16, 17, 18, 20, 21, 22]"
test_code_0,code,RTPA_DIAG,1024,1008,1007,0.0006007688985496642,0.7412478602828845,0.0005675159818761477,0.6055750497380614,746.4365953048647,COMPLETE_WINDOW,,0.2905681827205876,512,0.0039489143966695795,0.008006426100813736,0.03247382268853162,6.118759664064197e-08,"[0, 1, 2, 4, 5, 6, 8, 9, 10, 12, 13, 14, 16, 17, 18, 20, 21, 22]"
test_code_0,code,DAMP_PAPER_ADAPTED,1024,1008,1007,0.0006156655645027897,0.7410952547173704,0.0005500231350536022,0.620590889018812,746.2829215003919,COMPLETE_WINDOW,,0.2816118451474443,512,0.004762567649127461,0.007435258811377859,0.013410278795725667,1.0775869331567576e-07,"[0, 1, 2, 4, 5, 6, 8, 9, 10, 12, 13, 14, 16, 17, 18, 20, 21, 22]"
test_code_0,code,STORED_NEAREST,1024,1008,1007,0.0004013180484540011,0.7412945178252472,0.00035483479864919105,0.40452859284163306,746.483579450024,COMPLETE_WINDOW,,0.18167541690838582,512,0.002105349087445737,0.002831257878218744,0.0056170092563273145,1.254287103648156e-08,"[0, 12, 22]"
test_code_0,code,FA_CODE_FACTORIZED,1024,1008,1007,0.00040478835186143756,0.7416925218680335,0.00036167425022874775,0.40802665867632903,746.8843695211098,COMPLETE_WINDOW,,0.18517721611711885,512,0.0020993794065869344,0.003257340235818296,0.005511111769561211,1.1888614926021761e-08,"[0, 12, 22]"
test_code_1,code,NATIVE,1024,1008,1007,0.0,0.7410241094165126,0.0,0.0,746.2112781824283,COMPLETE_WINDOW,,0.0,512,0.0,0.0,0.0,0.0,[]
test_code_1,code,MATCHED_ENERGY,1024,1008,1007,0.0006698010800243304,0.7397184740211282,0.00048052982622881696,0.675159488664525,744.8965033392761,COMPLETE_WINDOW,,0.24603127102915429,512,0.007110532897992155,0.014751333034575327,0.031926773210083456,4.8549021950270187e-08,"[0, 1, 2, 4, 5, 6, 8, 9, 10, 12, 13, 14, 16, 17, 18, 20, 21, 22]"
test_code_1,code,RTPA_DIAG,1024,1008,1007,0.0005661881109353708,0.7392766048461243,0.0004843523818529196,0.5707176158228537,744.4515410800473,COMPLETE_WINDOW,,0.24798841950869482,512,0.0036315026088700156,0.007632246365701048,0.03390116903234738,6.850138927340326e-07,"[0, 1, 2, 4, 5, 6, 8, 9, 10, 12, 13, 14, 16, 17, 18, 20, 21, 22]"
test_code_1,code,DAMP_PAPER_ADAPTED,1024,1008,1007,0.0006335574796320374,0.7393877452662014,0.0004521065216135925,0.6386259394690937,744.5634594830649,COMPLETE_WINDOW,,0.23147853906615937,512,0.005079654943224488,0.008036293274005053,0.013752857495409814,1.29831009387306e-08,"[0, 1, 2, 4, 5, 6, 8, 9, 10, 12, 13, 14, 16, 17, 18, 20, 21, 22]"
test_code_1,code,STORED_NEAREST,1024,1008,1007,0.0003676846925663986,0.7418902442577282,0.00031034932732687954,0.3706261701069298,747.0834759675323,COMPLETE_WINDOW,,0.15889885559136233,512,0.0020986528584694044,0.002562526659410638,0.004248161641447611,1.3729780450404536e-08,"[0, 12, 22]"
test_code_1,code,FA_CODE_FACTORIZED,1024,1008,1007,0.0003754473387162658,0.7411485473259615,0.0003110840715623268,0.37845091742599596,746.3365871572432,COMPLETE_WINDOW,,0.15927504463991132,512,0.002173239002639259,0.0032081948085616175,0.005945688271908058,7.357118063119508e-09,"[0, 12, 22]"
test_code_2,code,NATIVE,1024,1008,1007,0.0,0.7412171503060644,0.0,0.0,746.4056703582069,COMPLETE_WINDOW,,0.0,512,0.0,0.0,0.0,0.0,[]
test_code_2,code,MATCHED_ENERGY,1024,1008,1007,0.000736089051721942,0.7400582170610053,0.0006652156586897622,0.7419777641357176,745.2386245804323,COMPLETE_WINDOW,,0.34059041724915823,512,0.007263834045457318,0.01003627276161092,0.022069999160127488,1.2356735999831294e-07,"[0, 1, 2, 4, 5, 6, 8, 9, 10, 12, 13, 14, 16, 17, 18, 20, 21, 22]"
test_code_2,code,RTPA_DIAG,1024,1008,1007,0.0005991740238904818,0.7409099539789821,0.0005666118745561916,0.6039674160816056,746.0963236568349,COMPLETE_WINDOW,,0.2901052797727701,512,0.005132101506717731,0.008453534158774268,0.015525177448058865,1.364779154635501e-07,"[0, 1, 2, 4, 5, 6, 8, 9, 10, 12, 13, 14, 16, 17, 18, 20, 21, 22]"
test_code_2,code,DAMP_PAPER_ADAPTED,1024,1008,1007,0.0009109905346431575,0.7412957363850027,0.0008692919479384028,0.9182784589203028,746.4848065396977,COMPLETE_WINDOW,,0.44507747734446224,512,0.009381799616549603,0.019666905118027,0.051474664645714284,2.385339880843341e-08,"[0, 1, 2, 4, 5, 6, 8, 9, 10, 12, 13, 14, 16, 17, 18, 20, 21, 22]"
test_code_2,code,STORED_NEAREST,1024,1008,1007,0.00037223741279545486,0.7415750456278815,0.0003166063511842984,0.3752153120978185,746.7660709472766,COMPLETE_WINDOW,,0.1621024518063608,512,0.002308828199128472,0.0029570782382231185,0.004234145285887198,1.2111903164065466e-08,"[0, 12, 22]"
test_code_2,code,FA_CODE_FACTORIZED,1024,1008,1007,0.0003852921403079051,0.7419715414852966,0.00033643731677841093,0.3883744774303683,747.1653422756938,COMPLETE_WINDOW,,0.1722559061905464,512,0.001958118983044221,0.002561846805638512,0.0052269078735160835,4.516750345713216e-09,"[0, 12, 22]"
test_code_3,code,NATIVE,1024,1008,1007,0.0,0.7337472425035255,0.0,0.0,738.8834732010502,COMPLETE_WINDOW,,0.0,512,0.0,0.0,0.0,0.0,[]
test_code_3,code,MATCHED_ENERGY,1024,1008,1007,0.0007909278127578148,0.7334345836944491,0.0005502225399313494,0.7972552352598773,738.5686257803103,COMPLETE_WINDOW,,0.2817139404448509,512,0.008527393879547276,0.01715467207236429,0.04268150365789115,1.96443642602708e-07,"[0, 1, 2, 4, 5, 6, 8, 9, 10, 12, 13, 14, 16, 17, 18, 20, 21, 22]"
test_code_3,code,RTPA_DIAG,1024,1008,1007,0.0005989660714038245,0.733051460016272,0.0005291187250502039,0.6037577999750551,738.1828202363859,COMPLETE_WINDOW,,0.2709087872257044,512,0.004999350259855249,0.007667330208404897,0.016763412833263984,7.731511992825577e-08,"[0, 1, 2, 4, 5, 6, 8, 9, 10, 12, 13, 14, 16, 17, 18, 20, 21, 22]"
test_code_3,code,DAMP_PAPER_ADAPTED,1024,1008,1007,0.0007209688603345295,0.7330480916726522,0.0004805684605314417,0.7267366112172058,738.1794283143607,COMPLETE_WINDOW,,0.24605105179209816,512,0.006150936968003184,0.013284884847901296,0.036331799981541645,1.916093572376144e-07,"[0, 1, 2, 4, 5, 6, 8, 9, 10, 12, 13, 14, 16, 17, 18, 20, 21, 22]"
test_code_3,code,STORED_NEAREST,1024,1008,1007,0.0003760309072165361,0.7341088348830883,0.000331265523441665,0.3790391544742684,739.24759672727,COMPLETE_WINDOW,,0.16960794800213247,512,0.0019957754473515525,0.0026219538540391755,0.0038062946837062843,1.365130107600522e-08,"[0, 12, 22]"
test_code_3,code,FA_CODE_FACTORIZED,1024,1008,1007,0.0003916540688517729,0.7344729670009723,0.0003286140924092329,0.39478730140258705,739.6142777699791,COMPLETE_WINDOW,,0.16825041531352725,512,0.0019866675821457657,0.002631117409605066,0.004007637957072455,5.409399328917649e-09,"[0, 12, 22]"
test_associative_recall_0,associative_recall,NATIVE,1024,1008,1007,0.0,1.1218275351411493,0.0,0.0,1129.6803278871373,COMPLETE_WINDOW,,0.0,512,0.0,0.0,0.0,0.0,[]
test_associative_recall_0,associative_recall,MATCHED_ENERGY,1024,1008,1007,0.0009575121907868356,1.1200163326857273,0.0008057880387261306,0.9651722883131303,1127.8564470145275,COMPLETE_WINDOW,,0.41256347582777886,512,0.007672185303419745,0.015271211327147743,0.0654098048564158,2.1725565451245698e-07,"[0, 1, 2, 4, 5, 6, 8, 9, 10, 12, 13, 14, 16, 17, 18, 20, 21, 22]"
test_associative_recall_0,associative_recall,RTPA_DIAG,1024,1008,1007,0.0006816625621583314,1.1214623109522903,0.0005744717509071276,0.687115862655598,1129.3125471289563,COMPLETE_WINDOW,,0.29412953646444934,512,0.002841985518993805,0.010264678855416962,0.078839726654941,5.935673206519788e-07,"[0, 1, 2, 4, 5, 6, 8, 9, 10, 12, 13, 14, 16, 17, 18, 20, 21, 22]"
test_associative_recall_0,associative_recall,DAMP_PAPER_ADAPTED,1024,1008,1007,0.0006420589845490405,1.1211624214594942,0.0006045126025857181,0.6471954564254329,1129.0105584097107,COMPLETE_WINDOW,,0.30951045252388765,512,0.0037632920986250405,0.005833214567626401,0.009028850809791971,1.2397044371862716e-07,"[0, 1, 2, 4, 5, 6, 8, 9, 10, 12, 13, 14, 16, 17, 18, 20, 21, 22]"
test_associative_recall_0,associative_recall,STORED_NEAREST,1024,1008,1007,0.0005521444911158385,1.1206045268966975,0.0005125636552470027,0.5565616470447652,1128.4487585849745,COMPLETE_WINDOW,,0.26243259148646536,512,0.002465924251373518,0.0035018836953890392,0.006955812457775934,3.5842126523743366e-08,"[0, 12, 22]"
test_associative_recall_0,associative_recall,FA_CODE_FACTORIZED,1024,1008,1007,0.0005139086126493919,1.1205164034977348,0.0005000051156647833,0.5180198815505871,1128.360018322219,COMPLETE_WINDOW,,0.25600261922036904,512,0.001955629904109786,0.0024429731098341493,0.004123347358962451,1.7771168687804856e-08,"[0, 12, 22]"
test_associative_recall_1,associative_recall,NATIVE,1024,1008,1007,0.0,1.1246941678936073,0.0,0.0,1132.5670270688627,COMPLETE_WINDOW,,0.0,512,0.0,0.0,0.0,0.0,[]
test_associative_recall_1,associative_recall,MATCHED_ENERGY,1024,1008,1007,0.0009340788170617057,1.1255017329033379,0.0006288765673760937,0.9415514475981993,1133.3802450336611,COMPLETE_WINDOW,,0.32198480249656,512,0.007521458924076273,0.012710820835177127,0.024208491204450223,1.7996215870265652e-07,"[0, 1, 2, 4, 5, 6, 8, 9, 10, 12, 13, 14, 16, 17, 18, 20, 21, 22]"
test_associative_recall_1,associative_recall,RTPA_DIAG,1024,1008,1007,0.000787049731854605,1.1250915303672604,0.0007123277751041576,0.7933461297094418,1132.9671710798311,COMPLETE_WINDOW,,0.3647118208533287,512,0.0061624273816700565,0.009380013049004847,0.016359960221284064,4.38694916954069e-07,"[0, 1, 2, 4, 5, 6, 8, 9, 10, 12, 13, 14, 16, 17, 18, 20, 21, 22]"
test_associative_recall_1,associative_recall,DAMP_PAPER_ADAPTED,1024,1008,1007,0.0006880333526824022,1.1245512131941093,0.0005769348747759964,0.6935376195038614,1132.4230716864681,COMPLETE_WINDOW,,0.29539065588531016,512,0.0036590928496879585,0.005002975022934592,0.008334462754568195,7.895729570244987e-08,"[0, 1, 2, 4, 5, 6, 8, 9, 10, 12, 13, 14, 16, 17, 18, 20, 21, 22]"
test_associative_recall_1,associative_recall,STORED_NEAREST,1024,1008,1007,0.000532188197094964,1.1230930433209296,0.0005060778078035857,0.5364457026717238,1130.9546946241762,COMPLETE_WINDOW,,0.2591118375954359,512,0.001978429797371009,0.00227396186348447,0.00330743735354674,3.236814760886288e-08,"[0, 12, 22]"
test_associative_recall_1,associative_recall,FA_CODE_FACTORIZED,1024,1008,1007,0.0005190108385902873,1.1228291944971729,0.000503057170556248,0.5231629252990095,1130.6889988586531,COMPLETE_WINDOW,,0.25756527132479895,512,0.0019526109479055369,0.0021058821654800653,0.002462942854987868,1.829883477269305e-08,"[0, 12, 22]"
test_associative_recall_2,associative_recall,NATIVE,1024,1008,1007,0.0,1.1260959178719396,0.0,0.0,1133.9785892970433,COMPLETE_WINDOW,,0.0,512,0.0,0.0,0.0,0.0,[]
test_associative_recall_2,associative_recall,MATCHED_ENERGY,1024,1008,1007,0.0006460738500219871,1.125037550776732,0.0005385405427878114,0.651242440822163,1132.9128136321692,COMPLETE_WINDOW,,0.27573275790735946,512,0.004099492552720604,0.005823730923053442,0.009055027775178769,7.165454425020369e-08,"[0, 1, 2, 4, 5, 6, 8, 9, 10, 12, 13, 14, 16, 17, 18, 20, 21, 22]"
test_associative_recall_2,associative_recall,RTPA_DIAG,1024,1008,1007,0.0006170895913309737,1.1243122772496053,0.0005560173828570654,0.6220263080616215,1132.1824631903526,COMPLETE_WINDOW,,0.2846809000228175,512,0.0027088694013835124,0.0036383795232188907,0.0045390354594064385,6.397251912179554e-08,"[0, 1, 2, 4, 5, 6, 8, 9, 10, 12, 13, 14, 16, 17, 18, 20, 21, 22]"
test_associative_recall_2,associative_recall,DAMP_PAPER_ADAPTED,1024,1008,1007,0.0007693661101692455,1.123834044996321,0.0006466713844836914,0.7755210390505995,1131.7008833112952,COMPLETE_WINDOW,,0.33109574885565,512,0.005510998086257064,0.007799094613566111,0.018096205802991108,2.1682996924778674e-07,"[0, 1, 2, 4, 5, 6, 8, 9, 10, 12, 13, 14, 16, 17, 18, 20, 21, 22]"
test_associative_recall_2,associative_recall,STORED_NEAREST,1024,1008,1007,0.0005199170410404178,1.1257241130389233,0.00047902990986271047,0.5240763773687411,1133.6041818301958,COMPLETE_WINDOW,,0.24526331384970776,512,0.0019589038721614708,0.00248344619027054,0.0047282666456869085,1.5309718008497625e-08,"[0, 12, 22]"
test_associative_recall_2,associative_recall,FA_CODE_FACTORIZED,1024,1008,1007,0.0005105898013744032,1.124896617934098,0.0004818115970404295,0.5146745197853985,1132.7708942596366,COMPLETE_WINDOW,,0.2466875376846999,512,0.002185484969609261,0.0027123766204030677,0.004358481588447337,1.1185643473604583e-08,"[0, 12, 22]"
test_associative_recall_3,associative_recall,NATIVE,1024,1008,1007,0.0,1.1248652609880463,0.0,0.0,1132.7393178149625,COMPLETE_WINDOW,,0.0,512,0.0,0.0,0.0,0.0,[]
test_associative_recall_3,associative_recall,MATCHED_ENERGY,1024,1008,1007,0.000797443045037215,1.1255267822188955,0.0007329536462272696,0.8038225893975127,1133.4054696944277,COMPLETE_WINDOW,,0.375272266868362,512,0.004062834178604418,0.005481308241753869,0.008748358768232305,7.099126794127711e-07,"[0, 1, 2, 4, 5, 6, 8, 9, 10, 12, 13, 14, 16, 17, 18, 20, 21, 22]"
test_associative_recall_3,associative_recall,RTPA_DIAG,1024,1008,1007,0.0006601181652693502,1.1271649819175469,0.0006200752834107263,0.665399110591505,1135.0551367909698,COMPLETE_WINDOW,,0.31747854510629187,512,0.002914726681106138,0.006116300178415763,0.031400801934882955,6.415926488858472e-08,"[0, 1, 2, 4, 5, 6, 8, 9, 10, 12, 13, 14, 16, 17, 18, 20, 21, 22]"
test_associative_recall_3,associative_recall,DAMP_PAPER_ADAPTED,1024,1008,1007,0.0007213220159180164,1.1258396506677604,0.0006790416883901847,0.7270925920453606,1133.7205282224347,COMPLETE_WINDOW,,0.3476693444557746,512,0.0038597876833126148,0.005144335362725485,0.008538169401174505,1.3913557291683613e-07,"[0, 1, 2, 4, 5, 6, 8, 9, 10, 12, 13, 14, 16, 17, 18, 20, 21, 22]"
test_associative_recall_3,associative_recall,STORED_NEAREST,1024,1008,1007,0.0005473417621944284,1.1254411984145514,0.0005079856889421647,0.5517204962919838,1133.3192868034532,COMPLETE_WINDOW,,0.2600886727383883,512,0.001955750206622388,0.002263746231049978,0.004060571706885822,3.011768818610236e-08,"[0, 12, 22]"
test_associative_recall_3,associative_recall,FA_CODE_FACTORIZED,1024,1008,1007,0.0005376738606035352,1.1274715778090976,0.000513177393120678,0.5419752514883635,1135.3638788537612,COMPLETE_WINDOW,,0.26274682527778714,512,0.0019551476244658132,0.002154988284549947,0.0030803941636115707,1.4062604765087383e-08,"[0, 12, 22]"
