document,domain,method,context,planned_KL_tokens,planned_NLL_tokens,KL,NLL,late_KL,KL_sum,NLL_sum,status,reason,late_KL_sum,late_tokens,KL_p99,KL_top_one_percent_mean,KL_max,KL_min,quantized_layers,finite_forward_completion,NLL_status,unavailable_native_KL_tokens
r2_technical_prose_decimal,technical_prose,NATIVE,1024,1008,1007,0.0,2.1105276959962405,0.0,0.0,2125.3013898682143,COMPLETE_WINDOW,,0.0,512,0.0,0.0,0.0,0.0,[],COMPLETE,COMPLETE_WINDOW,0
r2_technical_prose_decimal,technical_prose,LEGACY_DIAG,1024,1008,1007,0.003993104395705057,2.1117247471458396,0.005226627729095224,4.025049230870698,2126.5068203758606,COMPLETE_WINDOW,,2.6760333972967545,512,0.023485782102933846,0.03534185048953641,0.07505120688913969,2.12150006539319e-06,"[0, 1, 2, 4, 5, 6, 8, 9, 10, 12, 13, 14, 16, 17, 18, 20, 21, 22]",COMPLETE,COMPLETE_WINDOW,0
r2_technical_prose_decimal,technical_prose,R2_MATCHED_ENERGY,1024,1008,1007,0.13858672385844775,2.2710395861688677,0.2492775139959928,139.69541764931535,2286.93686327205,COMPLETE_WINDOW,,127.63008716594831,512,2.1413684906476163,3.5784053421096784,7.500875632527183,5.93963287025693e-06,"[0, 1, 2, 4, 5, 6, 8, 9, 10, 12, 13, 14, 16, 17, 18, 20, 21, 22]",COMPLETE,COMPLETE_WINDOW,0
r2_technical_prose_decimal,technical_prose,R2_DIAG,1024,1008,1007,0.07772478056618314,2.1901010290268457,0.14050645258804156,78.3465788107126,2205.4317362300335,COMPLETE_WINDOW,,71.93930372507728,512,1.2141967527418152,2.965050784464891,7.500069545534031,1.3885068367810636e-06,"[0, 1, 2, 4, 5, 6, 8, 9, 10, 12, 13, 14, 16, 17, 18, 20, 21, 22]",COMPLETE,COMPLETE_WINDOW,0
r2_technical_prose_decimal,technical_prose,DAMP_R2_PAPER_ADAPTED,1024,1008,1007,0.13362682784802665,2.25473588751138,0.24097428960971445,134.69584247081087,2270.51903872396,COMPLETE_WINDOW,,123.3788362801738,512,1.907085491763053,3.5276631383079367,7.624033986659692,1.2690948396693336e-05,"[0, 1, 2, 4, 5, 6, 8, 9, 10, 12, 13, 14, 16, 17, 18, 20, 21, 22]",COMPLETE,COMPLETE_WINDOW,0
r2_python_code__arraypad_impl,python_code,NATIVE,1024,1008,1007,0.0,1.4894556141391455,0.0,0.0,1499.8818034381195,COMPLETE_WINDOW,,0.0,512,0.0,0.0,0.0,0.0,[],COMPLETE,COMPLETE_WINDOW,0
r2_python_code__arraypad_impl,python_code,LEGACY_DIAG,1024,1008,1007,0.00430101514088998,1.4863777205077078,0.005553860535550169,4.3354232620171,1496.7823645512617,COMPLETE_WINDOW,,2.8435765942016866,512,0.0306953591834913,0.051146511385839456,0.11984623984770101,2.278095739998643e-07,"[0, 1, 2, 4, 5, 6, 8, 9, 10, 12, 13, 14, 16, 17, 18, 20, 21, 22]",COMPLETE,COMPLETE_WINDOW,0
r2_python_code__arraypad_impl,python_code,R2_MATCHED_ENERGY,1024,1008,1007,0.20462435379283517,1.6985231694623701,0.36761390375036773,206.26134862317784,1710.4128316486067,COMPLETE_WINDOW,,188.21831872018828,512,2.882154384632184,3.958403268984767,8.523567372034412,2.0954046313048987e-06,"[0, 1, 2, 4, 5, 6, 8, 9, 10, 12, 13, 14, 16, 17, 18, 20, 21, 22]",COMPLETE,COMPLETE_WINDOW,0
r2_python_code__arraypad_impl,python_code,R2_DIAG,1024,1008,1007,0.09210638929591154,1.5822005188588175,0.16782897859522014,92.84324041027884,1593.2759224908293,COMPLETE_WINDOW,,85.92843704075271,512,1.349005663128089,2.43515270442213,6.760124372926246,4.387416050448818e-07,"[0, 1, 2, 4, 5, 6, 8, 9, 10, 12, 13, 14, 16, 17, 18, 20, 21, 22]",COMPLETE,COMPLETE_WINDOW,0
r2_python_code__arraypad_impl,python_code,DAMP_R2_PAPER_ADAPTED,1024,1008,1007,0.1932966462070088,1.6877079111375473,0.3459056443843944,194.84301937666487,1699.52186651551,COMPLETE_WINDOW,,177.10368992480994,512,2.6814803704765837,3.8416998032996803,7.774889281432965,5.094193491502352e-07,"[0, 1, 2, 4, 5, 6, 8, 9, 10, 12, 13, 14, 16, 17, 18, 20, 21, 22]",COMPLETE,COMPLETE_WINDOW,0
r2_technical_prose_sqlite3,technical_prose,NATIVE,1024,1008,1007,0.0,1.9157311326752808,0.0,0.0,1929.1412506040078,COMPLETE_WINDOW,,0.0,512,0.0,0.0,0.0,0.0,[],COMPLETE,COMPLETE_WINDOW,0
r2_technical_prose_sqlite3,technical_prose,LEGACY_DIAG,1024,1008,1007,0.004325944657462479,1.92251858495634,0.005376037072790857,4.360552214722179,1935.9762150510344,COMPLETE_WINDOW,,2.7525309812689187,512,0.028838343518905477,0.041689087075682654,0.08438813846675317,4.43571665262766e-07,"[0, 1, 2, 4, 5, 6, 8, 9, 10, 12, 13, 14, 16, 17, 18, 20, 21, 22]",COMPLETE,COMPLETE_WINDOW,0
r2_technical_prose_sqlite3,technical_prose,R2_MATCHED_ENERGY,1024,1008,1007,0.1280996217883441,2.0552292617281442,0.23911169563935053,129.12441876265086,2069.615866560241,COMPLETE_WINDOW,,122.42518816734747,512,1.9978708904088334,2.6716303158233456,4.777531386568768,6.869592489188351e-07,"[0, 1, 2, 4, 5, 6, 8, 9, 10, 12, 13, 14, 16, 17, 18, 20, 21, 22]",COMPLETE,COMPLETE_WINDOW,0
r2_technical_prose_sqlite3,technical_prose,R2_DIAG,1024,1008,1007,0.058967820183296465,1.9849547018148619,0.10848598035148828,59.43956274476284,1998.8493847275658,COMPLETE_WINDOW,,55.544821939962,512,0.7501591301050056,1.3693661803965445,3.0759967629851475,2.242176775691031e-06,"[0, 1, 2, 4, 5, 6, 8, 9, 10, 12, 13, 14, 16, 17, 18, 20, 21, 22]",COMPLETE,COMPLETE_WINDOW,0
r2_technical_prose_sqlite3,technical_prose,DAMP_R2_PAPER_ADAPTED,1024,1008,1007,0.13211193495293716,2.051479796611451,0.2466784975268819,133.16883043256067,2065.8401551877314,COMPLETE_WINDOW,,126.29939073376353,512,1.6546011072856335,2.485668495457875,4.054122515870397,1.1917894709971724e-06,"[0, 1, 2, 4, 5, 6, 8, 9, 10, 12, 13, 14, 16, 17, 18, 20, 21, 22]",COMPLETE,COMPLETE_WINDOW,0
r2_python_code__shape_base_impl,python_code,NATIVE,1024,1008,1007,0.0,1.7566060680035152,0.0,0.0,1768.9023104795397,COMPLETE_WINDOW,,0.0,512,0.0,0.0,0.0,0.0,[],COMPLETE,COMPLETE_WINDOW,0
r2_python_code__shape_base_impl,python_code,LEGACY_DIAG,1024,1008,1007,0.005810503423526893,1.7653823981759276,0.00744660966099575,5.856987450915108,1777.740074963159,COMPLETE_WINDOW,,3.812664146429824,512,0.04389994159357866,0.07321171985822407,0.18462732308759353,3.017913611090899e-07,"[0, 1, 2, 4, 5, 6, 8, 9, 10, 12, 13, 14, 16, 17, 18, 20, 21, 22]",COMPLETE,COMPLETE_WINDOW,0
r2_python_code__shape_base_impl,python_code,R2_MATCHED_ENERGY,1024,1008,1007,0.2711446604758791,2.00129094536302,0.5020963947075323,273.3138177596861,2015.2999819805611,COMPLETE_WINDOW,,257.07335409025654,512,3.821518970462233,4.952393542338836,6.6535822917807215,8.503884896064472e-06,"[0, 1, 2, 4, 5, 6, 8, 9, 10, 12, 13, 14, 16, 17, 18, 20, 21, 22]",COMPLETE,COMPLETE_WINDOW,0
r2_python_code__shape_base_impl,python_code,R2_DIAG,1024,1008,1007,0.11009054738705694,1.8645911176699077,0.2082247047480883,110.9712717661534,1877.643255493597,COMPLETE_WINDOW,,106.61104883102121,512,1.6775994741600897,4.08360287356954,6.604351820204511,2.35016679471021e-06,"[0, 1, 2, 4, 5, 6, 8, 9, 10, 12, 13, 14, 16, 17, 18, 20, 21, 22]",COMPLETE,COMPLETE_WINDOW,0
r2_python_code__shape_base_impl,python_code,DAMP_R2_PAPER_ADAPTED,1024,1008,1007,0.23071406470671896,1.9711774385901715,0.4267398688673534,232.5597772243727,1984.9756806603027,COMPLETE_WINDOW,,218.49081286008493,512,2.8386675147543223,4.693943368302887,6.998093068557075,4.8158624755045355e-06,"[0, 1, 2, 4, 5, 6, 8, 9, 10, 12, 13, 14, 16, 17, 18, 20, 21, 22]",COMPLETE,COMPLETE_WINDOW,0
r2_technical_prose_logging,technical_prose,NATIVE,1024,1008,1007,0.0,2.0419821082980203,0.0,0.0,2056.2759830561063,COMPLETE_WINDOW,,0.0,512,0.0,0.0,0.0,0.0,[],COMPLETE,COMPLETE_WINDOW,0
r2_technical_prose_logging,technical_prose,LEGACY_DIAG,1024,1008,1007,0.005230599488539668,2.047788734951163,0.00721500293001941,5.272444284447985,2062.1232560958215,COMPLETE_WINDOW,,3.694081500169938,512,0.03233876292780533,0.06829255813358222,0.22795458730175272,1.4453766082735233e-07,"[0, 1, 2, 4, 5, 6, 8, 9, 10, 12, 13, 14, 16, 17, 18, 20, 21, 22]",COMPLETE,COMPLETE_WINDOW,0
r2_technical_prose_logging,technical_prose,R2_MATCHED_ENERGY,1024,1008,1007,0.07633346461744449,2.1070703379034854,0.13739871574475757,76.94413233438405,2121.8198302688097,COMPLETE_WINDOW,,70.34814246131587,512,0.8388407822409982,1.1446446337055904,1.8662861947902616,8.682719037084593e-07,"[0, 1, 2, 4, 5, 6, 8, 9, 10, 12, 13, 14, 16, 17, 18, 20, 21, 22]",COMPLETE,COMPLETE_WINDOW,0
r2_technical_prose_logging,technical_prose,R2_DIAG,1024,1008,1007,0.02996031220557198,2.0684906367434213,0.05168327740163465,30.199994703216554,2082.970071200625,COMPLETE_WINDOW,,26.46183802963694,512,0.25647306841433243,0.3772001411839051,0.862584753429756,2.5250325432882736e-07,"[0, 1, 2, 4, 5, 6, 8, 9, 10, 12, 13, 14, 16, 17, 18, 20, 21, 22]",COMPLETE,COMPLETE_WINDOW,0
r2_technical_prose_logging,technical_prose,DAMP_R2_PAPER_ADAPTED,1024,1008,1007,0.07138310895199079,2.109193137947767,0.12704221983605316,71.95417382360672,2123.9574899134013,COMPLETE_WINDOW,,65.04561655605922,512,0.6487281455029529,0.8762894104719667,1.1363557608444577,5.328614050331479e-07,"[0, 1, 2, 4, 5, 6, 8, 9, 10, 12, 13, 14, 16, 17, 18, 20, 21, 22]",COMPLETE,COMPLETE_WINDOW,0
r2_python_code__type_check_impl,python_code,NATIVE,1024,1008,1007,0.0,1.3609610756950017,0.0,0.0,1370.4878032248666,COMPLETE_WINDOW,,0.0,512,0.0,0.0,0.0,0.0,[],COMPLETE,COMPLETE_WINDOW,0
r2_python_code__type_check_impl,python_code,LEGACY_DIAG,1024,1008,1007,0.00344516272413935,1.3643900483244755,0.003687502578478799,3.4727240259324645,1373.9407786627469,COMPLETE_WINDOW,,1.8880013201811452,512,0.025837659086580967,0.03265353485699097,0.04022400031549992,3.384906900333966e-07,"[0, 1, 2, 4, 5, 6, 8, 9, 10, 12, 13, 14, 16, 17, 18, 20, 21, 22]",COMPLETE,COMPLETE_WINDOW,0
r2_python_code__type_check_impl,python_code,R2_MATCHED_ENERGY,1024,1008,1007,0.16622418590569232,1.5084538655670658,0.3008770434013662,167.55397939293786,1519.0130426260353,COMPLETE_WINDOW,,154.04904622149948,512,3.0878693902396748,3.8279962572310775,5.204967049735209,2.4926443590075243e-06,"[0, 1, 2, 4, 5, 6, 8, 9, 10, 12, 13, 14, 16, 17, 18, 20, 21, 22]",COMPLETE,COMPLETE_WINDOW,0
r2_python_code__type_check_impl,python_code,R2_DIAG,1024,1008,1007,0.0694645906016517,1.4243774905656552,0.12727137689369322,70.0203073264649,1434.3481329996148,COMPLETE_WINDOW,,65.16294496957093,512,1.1621994865400112,2.488104609448851,4.91439505639425,3.68828211694467e-07,"[0, 1, 2, 4, 5, 6, 8, 9, 10, 12, 13, 14, 16, 17, 18, 20, 21, 22]",COMPLETE,COMPLETE_WINDOW,0
r2_python_code__type_check_impl,python_code,DAMP_R2_PAPER_ADAPTED,1024,1008,1007,0.1507710715982023,1.4926758676904046,0.2735804735903098,151.97724017098793,1503.1245987642374,COMPLETE_WINDOW,,140.0732024782386,512,2.9241591679680097,3.9824400469877137,4.985105291765971,5.136675951466666e-06,"[0, 1, 2, 4, 5, 6, 8, 9, 10, 12, 13, 14, 16, 17, 18, 20, 21, 22]",COMPLETE,COMPLETE_WINDOW,0
r2_technical_prose_multiprocessing,technical_prose,NATIVE,1024,1008,1007,0.0,1.6954328183993888,0.0,0.0,1707.3008481281845,COMPLETE_WINDOW,,0.0,512,0.0,0.0,0.0,0.0,[],COMPLETE,COMPLETE_WINDOW,0
r2_technical_prose_multiprocessing,technical_prose,LEGACY_DIAG,1024,1008,1007,0.0043149582637461254,1.695942166914978,0.005576199877323708,4.349477929856095,1707.8137620833827,COMPLETE_WINDOW,,2.8550143371897385,512,0.026525900076711226,0.06516559367508093,0.3512055072256254,1.9967614944196978e-07,"[0, 1, 2, 4, 5, 6, 8, 9, 10, 12, 13, 14, 16, 17, 18, 20, 21, 22]",COMPLETE,COMPLETE_WINDOW,0
r2_technical_prose_multiprocessing,technical_prose,R2_MATCHED_ENERGY,1024,1008,1007,0.1485240329559909,1.8497762605099963,0.27599262245023404,149.71222521963884,1862.7246943335663,COMPLETE_WINDOW,,141.30822269451983,512,2.6729500181882972,3.672323583436034,6.284835368677322,7.562703479169106e-07,"[0, 1, 2, 4, 5, 6, 8, 9, 10, 12, 13, 14, 16, 17, 18, 20, 21, 22]",COMPLETE,COMPLETE_WINDOW,0
r2_technical_prose_multiprocessing,technical_prose,R2_DIAG,1024,1008,1007,0.050709393937023464,1.7561323699648823,0.09096145073215621,51.115069088519654,1768.4252965546366,COMPLETE_WINDOW,,46.57226277486398,512,0.6365402136406696,1.7116035175893396,4.26495158974868,1.4579190253978776e-06,"[0, 1, 2, 4, 5, 6, 8, 9, 10, 12, 13, 14, 16, 17, 18, 20, 21, 22]",COMPLETE,COMPLETE_WINDOW,0
r2_technical_prose_multiprocessing,technical_prose,DAMP_R2_PAPER_ADAPTED,1024,1008,1007,0.12430153824499617,1.8320167573893902,0.2291126998572493,125.29595055095614,1844.840874691116,COMPLETE_WINDOW,,117.30570232691164,512,2.2254791691270137,3.2107048526221904,6.085398726416598,4.677932419646414e-07,"[0, 1, 2, 4, 5, 6, 8, 9, 10, 12, 13, 14, 16, 17, 18, 20, 21, 22]",COMPLETE,COMPLETE_WINDOW,0
r2_python_code__arraysetops_impl,python_code,NATIVE,1024,1008,1007,0.0,1.264067393268065,0.0,0.0,1272.9158650209415,COMPLETE_WINDOW,,0.0,512,0.0,0.0,0.0,0.0,[],COMPLETE,COMPLETE_WINDOW,0
r2_python_code__arraysetops_impl,python_code,LEGACY_DIAG,1024,1008,1007,0.0043573258120705146,1.2704711181007975,0.005949694010564147,4.392184418567079,1279.3644159275032,COMPLETE_WINDOW,,3.0462433334088432,512,0.03827323193067004,0.06564510442249269,0.15834785929669087,9.400181586280072e-08,"[0, 1, 2, 4, 5, 6, 8, 9, 10, 12, 13, 14, 16, 17, 18, 20, 21, 22]",COMPLETE,COMPLETE_WINDOW,0
r2_python_code__arraysetops_impl,python_code,R2_MATCHED_ENERGY,1024,1008,1007,0.18872426872888276,1.424251785143404,0.3548468784976875,190.23406287871381,1434.2215476394078,COMPLETE_WINDOW,,181.681601790816,512,2.720722709004417,3.9473532060276004,6.060325732674143,1.5262281526217241e-07,"[0, 1, 2, 4, 5, 6, 8, 9, 10, 12, 13, 14, 16, 17, 18, 20, 21, 22]",COMPLETE,COMPLETE_WINDOW,0
r2_python_code__arraysetops_impl,python_code,R2_DIAG,1024,1008,1007,0.08072184059730794,1.3372320436016367,0.15287863998535905,81.36761532208641,1346.5926679068482,COMPLETE_WINDOW,,78.27386367250384,512,1.69058923080788,3.003622911685141,4.867563844453024,2.0702349316190794e-07,"[0, 1, 2, 4, 5, 6, 8, 9, 10, 12, 13, 14, 16, 17, 18, 20, 21, 22]",COMPLETE,COMPLETE_WINDOW,0
r2_python_code__arraysetops_impl,python_code,DAMP_R2_PAPER_ADAPTED,1024,1008,1007,0.16990885823024612,1.4233799667551303,0.3207109154132198,171.2681290960881,1433.3436265224163,COMPLETE_WINDOW,,164.20398869156853,512,2.805637758270595,3.90786467527648,5.806761941789273,1.5666964655572577e-07,"[0, 1, 2, 4, 5, 6, 8, 9, 10, 12, 13, 14, 16, 17, 18, 20, 21, 22]",COMPLETE,COMPLETE_WINDOW,0
r2_technical_prose_asyncio_task,technical_prose,NATIVE,1024,1008,1007,0.0,1.3330441960433974,0.0,0.0,1342.3755054157011,COMPLETE_WINDOW,,0.0,512,0.0,0.0,0.0,0.0,[],COMPLETE,COMPLETE_WINDOW,0
r2_technical_prose_asyncio_task,technical_prose,LEGACY_DIAG,1024,1008,1007,0.004035296161720368,1.3334235636986569,0.004812749287227371,4.067578531014131,1342.7575286445474,COMPLETE_WINDOW,,2.464127635060414,512,0.029671747170244185,0.04443074199408601,0.07857161864871166,6.494231675712364e-07,"[0, 1, 2, 4, 5, 6, 8, 9, 10, 12, 13, 14, 16, 17, 18, 20, 21, 22]",COMPLETE,COMPLETE_WINDOW,0
r2_technical_prose_asyncio_task,technical_prose,R2_MATCHED_ENERGY,1024,1008,1007,0.14493826460639975,1.4870298337315677,0.2655720299430683,146.09777072325093,1497.4390425676886,COMPLETE_WINDOW,,135.97287933085096,512,2.1521561344408653,3.2184732697238108,5.604051818171599,5.710317061313076e-07,"[0, 1, 2, 4, 5, 6, 8, 9, 10, 12, 13, 14, 16, 17, 18, 20, 21, 22]",COMPLETE,COMPLETE_WINDOW,0
r2_technical_prose_asyncio_task,technical_prose,R2_DIAG,1024,1008,1007,0.04361770846031591,1.3762365170318123,0.07900683621899773,43.966650127998435,1385.8701726510349,COMPLETE_WINDOW,,40.45150014412684,512,0.5833719757146429,0.9043777961857036,1.5554504094253239,2.189995889184396e-07,"[0, 1, 2, 4, 5, 6, 8, 9, 10, 12, 13, 14, 16, 17, 18, 20, 21, 22]",COMPLETE,COMPLETE_WINDOW,0
r2_technical_prose_asyncio_task,technical_prose,DAMP_R2_PAPER_ADAPTED,1024,1008,1007,0.1207975714334892,1.4588600478835319,0.22176363281355033,121.7639520049571,1469.0720682187166,COMPLETE_WINDOW,,113.54298000053777,512,1.8002922316239371,2.5713187134057427,3.4113311845544287,1.6976786085588522e-07,"[0, 1, 2, 4, 5, 6, 8, 9, 10, 12, 13, 14, 16, 17, 18, 20, 21, 22]",COMPLETE,COMPLETE_WINDOW,0
r2_python_code__nanfunctions_impl,python_code,NATIVE,1024,1008,1007,0.0,1.2076212010037515,0.0,0.0,1216.0745494107778,COMPLETE_WINDOW,,0.0,512,0.0,0.0,0.0,0.0,[],COMPLETE,COMPLETE_WINDOW,0
r2_python_code__nanfunctions_impl,python_code,LEGACY_DIAG,1024,1008,1007,0.0033220048813946894,1.2098016184801084,0.004478504419482493,3.3485809204458468,1218.2702298094691,COMPLETE_WINDOW,,2.2929942627750366,512,0.021705464710940963,0.035996825877931314,0.06517703182840708,3.60933619209727e-07,"[0, 1, 2, 4, 5, 6, 8, 9, 10, 12, 13, 14, 16, 17, 18, 20, 21, 22]",COMPLETE,COMPLETE_WINDOW,0
r2_python_code__nanfunctions_impl,python_code,R2_MATCHED_ENERGY,1024,1008,1007,0.15840235188593285,1.3505015209580546,0.29306033957100447,159.66957070102032,1359.955031604761,COMPLETE_WINDOW,,150.0468938603543,512,2.363735725219784,3.1340640812744778,3.9538145828372104,5.810651606174763e-07,"[0, 1, 2, 4, 5, 6, 8, 9, 10, 12, 13, 14, 16, 17, 18, 20, 21, 22]",COMPLETE,COMPLETE_WINDOW,0
r2_python_code__nanfunctions_impl,python_code,R2_DIAG,1024,1008,1007,0.0669632589305109,1.2647267775959508,0.12390889967126016,67.49896500195499,1273.5798650391225,COMPLETE_WINDOW,,63.4413566316852,512,1.213239287715514,1.9785103519971086,3.5697208515444854,2.896804536221188e-07,"[0, 1, 2, 4, 5, 6, 8, 9, 10, 12, 13, 14, 16, 17, 18, 20, 21, 22]",COMPLETE,COMPLETE_WINDOW,0
r2_python_code__nanfunctions_impl,python_code,DAMP_R2_PAPER_ADAPTED,1024,1008,1007,0.16058809326628845,1.3530220967927844,0.29533366996196453,161.87279801241877,1362.493251470334,COMPLETE_WINDOW,,151.21083902052584,512,2.3951162087232283,3.0441332074427,4.128835322895202,5.831808495292618e-07,"[0, 1, 2, 4, 5, 6, 8, 9, 10, 12, 13, 14, 16, 17, 18, 20, 21, 22]",COMPLETE,COMPLETE_WINDOW,0
r2_python_code__function_base_impl,python_code,NATIVE,1024,1008,1007,0.0,1.878836064940491,0.0,0.0,1891.9879173950744,COMPLETE_WINDOW,,0.0,512,0.0,0.0,0.0,0.0,[],COMPLETE,COMPLETE_WINDOW,0
r2_python_code__function_base_impl,python_code,LEGACY_DIAG,1024,1008,1007,0.004429553599382172,1.8761633176153028,0.005963086610329879,4.464990028177229,1889.2964608386098,COMPLETE_WINDOW,,3.053100344488898,512,0.03481615511731652,0.05456433058021936,0.08407208034273593,2.303072893949128e-07,"[0, 1, 2, 4, 5, 6, 8, 9, 10, 12, 13, 14, 16, 17, 18, 20, 21, 22]",COMPLETE,COMPLETE_WINDOW,0
r2_python_code__function_base_impl,python_code,R2_MATCHED_ENERGY,1024,1008,1007,0.2144676102780207,2.0806171420848067,0.397474260487155,216.18335116024485,2095.1814620794003,COMPLETE_WINDOW,,203.50682136942336,512,3.9936413666125405,4.729256548476065,7.086363369083208,4.788174940649471e-06,"[0, 1, 2, 4, 5, 6, 8, 9, 10, 12, 13, 14, 16, 17, 18, 20, 21, 22]",COMPLETE,COMPLETE_WINDOW,0
r2_python_code__function_base_impl,python_code,R2_DIAG,1024,1008,1007,0.10464999118033817,1.9902364844136464,0.19478895202387586,105.48719110978088,2004.1681398045419,COMPLETE_WINDOW,,99.73194343622444,512,2.3841556676142193,3.3972127838121806,6.015554626388548,2.2460595125101223e-06,"[0, 1, 2, 4, 5, 6, 8, 9, 10, 12, 13, 14, 16, 17, 18, 20, 21, 22]",COMPLETE,COMPLETE_WINDOW,0
r2_python_code__function_base_impl,python_code,DAMP_R2_PAPER_ADAPTED,1024,1008,1007,0.20493456782596492,2.068659990606521,0.37969752683729907,206.57404436857263,2083.140610540767,COMPLETE_WINDOW,,194.40513374069712,512,3.88049541330574,4.541853410113663,6.436436987355931,3.925561276941469e-06,"[0, 1, 2, 4, 5, 6, 8, 9, 10, 12, 13, 14, 16, 17, 18, 20, 21, 22]",COMPLETE,COMPLETE_WINDOW,0
r2_technical_prose_typing,technical_prose,NATIVE,1024,1008,1007,0.0,1.7986325506034697,0.0,0.0,1811.222978457694,COMPLETE_WINDOW,,0.0,512,0.0,0.0,0.0,0.0,[],COMPLETE,COMPLETE_WINDOW,0
r2_technical_prose_typing,technical_prose,LEGACY_DIAG,1024,1008,1007,0.003985217220915934,1.8003187384811246,0.004689997031858292,4.0170989586832615,1812.9209696504925,COMPLETE_WINDOW,,2.4012784803114453,512,0.025276420660962428,0.045783996193027705,0.14979854889792923,5.600178940226198e-08,"[0, 1, 2, 4, 5, 6, 8, 9, 10, 12, 13, 14, 16, 17, 18, 20, 21, 22]",COMPLETE,COMPLETE_WINDOW,0
r2_technical_prose_typing,technical_prose,R2_MATCHED_ENERGY,1024,1008,1007,0.1700785007461768,1.9570421510846598,0.32112348062958573,171.43912875214622,1970.7414461422525,COMPLETE_WINDOW,,164.4152220823479,512,3.520204903387571,4.495787084779976,6.116934003301701,1.1405423207161915e-06,"[0, 1, 2, 4, 5, 6, 8, 9, 10, 12, 13, 14, 16, 17, 18, 20, 21, 22]",COMPLETE,COMPLETE_WINDOW,0
r2_technical_prose_typing,technical_prose,R2_DIAG,1024,1008,1007,0.05734265744704408,1.8428713800381085,0.10589169987570043,57.80139870662043,1855.7714796983753,COMPLETE_WINDOW,,54.21655033635862,512,0.9378859407794886,2.1378819014462325,5.468109808820011,4.542931100643631e-07,"[0, 1, 2, 4, 5, 6, 8, 9, 10, 12, 13, 14, 16, 17, 18, 20, 21, 22]",COMPLETE,COMPLETE_WINDOW,0
r2_technical_prose_typing,technical_prose,DAMP_R2_PAPER_ADAPTED,1024,1008,1007,0.18145557304732088,1.9595287576424176,0.3443501480852666,182.90721763169944,1973.2454589459146,COMPLETE_WINDOW,,176.3072758196565,512,3.502378485147186,4.716388499594905,6.111075664349979,9.137882706568919e-07,"[0, 1, 2, 4, 5, 6, 8, 9, 10, 12, 13, 14, 16, 17, 18, 20, 21, 22]",COMPLETE,COMPLETE_WINDOW,0
