sequence_id,domain,method,window,mean_KL,sum_KL,mean_NLL,delta_NLL_native,max_KL,p95_KL,p99_KL,n_KL,n_NLL,nonfinite
rtpa_v02_natural_language_confirm0,natural_language,NATIVE_REFERENCE,primary,0.0,0.0,1.5258656775938997,0.0,0.0,0.0,0.0,1008,1007,0
rtpa_v02_natural_language_confirm0,natural_language,NATIVE_REFERENCE,early,0.0,0.0,1.924105405792036,0.0,0.0,0.0,0.0,496,496,0
rtpa_v02_natural_language_confirm0,natural_language,NATIVE_REFERENCE,late,0.0,0.0,1.139315960986707,0.0,0.0,0.0,0.0,512,511,0
rtpa_v02_natural_language_confirm0,natural_language,B_U8_P_STORE,primary,0.0024940740760433784,2.5140266686517254,1.5233045847018676,-0.002561092892032102,0.05972818553390731,0.009042006682805108,0.017620855666813064,1008,1007,0
rtpa_v02_natural_language_confirm0,natural_language,B_U8_P_STORE,early,0.0022276591369115887,1.104918931908148,1.9220860446223287,-0.0020193611697072456,0.05972818553390731,0.007317430960366465,0.017524134234139024,496,496,0
rtpa_v02_natural_language_confirm0,natural_language,B_U8_P_STORE,late,0.0027521635483272995,1.4091077367435774,1.1362290384777016,-0.00308692250900533,0.04541370967268242,0.010271060283077955,0.024399613141778142,512,511,0
rtpa_v02_natural_language_confirm0,natural_language,B_DAMP8_P_STORE,primary,0.0018364727180359525,1.85116449978024,1.5254788831251322,-0.0003867944687674374,0.04541500099558201,0.005817179490899264,0.01568852230687444,1008,1007,0
rtpa_v02_natural_language_confirm0,natural_language,B_DAMP8_P_STORE,early,0.0017965176341828543,0.8910727465546957,1.9267649931423967,0.0026595873503607592,0.04541500099558201,0.005300877276655616,0.01581711938738715,496,496,0
rtpa_v02_natural_language_confirm0,natural_language,B_DAMP8_P_STORE,late,0.001875179205518641,0.9600917532255442,1.1359722088226605,-0.0033437521640464762,0.0374980893023911,0.0063500662095380914,0.015513105010226654,512,511,0
rtpa_v02_natural_language_confirm0,natural_language,B_DIAG8_P_STORE,primary,0.0014507531836388207,1.4623592091079312,1.5222242076803845,-0.003641469913515216,0.027442864409826205,0.004950984568041002,0.012030304050037213,1008,1007,0
rtpa_v02_natural_language_confirm0,natural_language,B_DIAG8_P_STORE,early,0.0013088720977844199,0.6492005605010723,1.9222317855768951,-0.0018736202151408143,0.01597000940982679,0.004237100529522835,0.007588744974101582,496,496,0
rtpa_v02_natural_language_confirm0,natural_language,B_DIAG8_P_STORE,late,0.001588200485560271,0.8131586486068588,1.1339585352015797,-0.005357425785127212,0.027442864409826205,0.006395700382965605,0.01573464558982523,512,511,0
rtpa_v02_natural_language_confirm0,natural_language,B_JOINT8_P_STORE,primary,0.001578489076030124,1.591116988638365,1.5235393314521046,-0.002326346141795055,0.036077400411784664,0.005420495054029222,0.01343605716372711,1008,1007,0
rtpa_v02_natural_language_confirm0,natural_language,B_JOINT8_P_STORE,early,0.0016460828215707852,0.8164570794991096,1.9199021576069746,-0.004203248185061348,0.036077400411784664,0.0051470331885279975,0.013583149713567057,496,496,0
rtpa_v02_natural_language_confirm0,natural_language,B_JOINT8_P_STORE,late,0.0015130076350376082,0.7746599091392554,1.138811421916262,-0.0005045390704450092,0.03327324679801581,0.005522321724194779,0.01104654183348172,512,511,0
rtpa_v02_natural_language_confirm0,natural_language,B_U8_P_PRE,primary,0.0025417684969337062,2.5621026449091757,1.5211283282914352,-0.0047373493024645,0.04716654723843663,0.009134510634961183,0.02530082252838495,1008,1007,0
rtpa_v02_natural_language_confirm0,natural_language,B_U8_P_PRE,early,0.002232779606754444,1.1074586849502044,1.9203854653271495,-0.00371994046488644,0.04716654723843663,0.006892404092425061,0.013679872267601676,496,496,0
rtpa_v02_natural_language_confirm0,natural_language,B_U8_P_PRE,late,0.0028411014842948663,1.4546439599589716,1.13359106807673,-0.005724892909976909,0.03640269675545423,0.010585907204593568,0.02638377891248333,512,511,0
rtpa_v02_natural_language_confirm0,natural_language,B_DAMP8_P_PRE,primary,0.0019333956143932757,1.9488627793084219,1.5220998911421595,-0.003765786451740194,0.056817262289278775,0.006881323970750997,0.016592183371713465,1008,1007,0
rtpa_v02_natural_language_confirm0,natural_language,B_DAMP8_P_PRE,early,0.0017500775428712664,0.8680384612641483,1.9205065175418445,-0.00359888825019139,0.056817262289278775,0.0053629599394384294,0.013367476436830488,496,496,0
rtpa_v02_natural_language_confirm0,natural_language,B_DAMP8_P_PRE,late,0.0021109849961802214,1.0808243180442736,1.1353881754978472,-0.003927785488859747,0.04491932221050311,0.007857507426627948,0.01925718973522222,512,511,0
rtpa_v02_natural_language_confirm0,natural_language,B_DIAG8_P_PRE,primary,0.00146829692780857,1.4800433032310385,1.5252818979617253,-0.0005837796321743749,0.03190893853994111,0.005588069889828754,0.01021624320863551,1008,1007,0
rtpa_v02_natural_language_confirm0,natural_language,B_DIAG8_P_PRE,early,0.0013585583201581764,0.6738449267984555,1.9210694815743552,-0.00303592421768073,0.017606205066099827,0.004723818908135017,0.009338968612786526,496,496,0
rtpa_v02_natural_language_confirm0,natural_language,B_DIAG8_P_PRE,late,0.0015746062039698888,0.8061983764325831,1.141112345179212,0.0017963841925050517,0.03190893853994111,0.006255768475401195,0.01423330094635774,512,511,0
rtpa_v02_natural_language_confirm0,natural_language,B_JOINT8_P_PRE,primary,0.0015838377029210931,1.596508404544462,1.5249039940209252,-0.0009616835729744366,0.03464963749103554,0.005511810676020423,0.014421767413471644,1008,1007,0
rtpa_v02_natural_language_confirm0,natural_language,B_JOINT8_P_PRE,early,0.0014576824963726527,0.7230105182008357,1.9218602507188594,-0.0022451550731765746,0.03464963749103554,0.004534923875384934,0.009788739216572756,496,496,0
rtpa_v02_natural_language_confirm0,natural_language,B_JOINT8_P_PRE,late,0.0017060505592648948,0.8734978863436261,1.1396000736252787,0.00028411263857175406,0.032962836197852535,0.007169256112104901,0.019388703577642684,512,511,0
rtpa_v02_natural_language_confirm1,natural_language,NATIVE_REFERENCE,primary,0.0,0.0,1.9614119370548586,0.0,0.0,0.0,0.0,1008,1007,0
rtpa_v02_natural_language_confirm1,natural_language,NATIVE_REFERENCE,early,0.0,0.0,2.5282585894467133,0.0,0.0,0.0,0.0,496,496,0
rtpa_v02_natural_language_confirm1,natural_language,NATIVE_REFERENCE,late,0.0,0.0,1.4112046188819427,0.0,0.0,0.0,0.0,512,511,0
rtpa_v02_natural_language_confirm1,natural_language,B_U8_P_STORE,primary,0.0026680103694269246,2.68935445238234,1.9626369324589845,0.001224995404125906,0.06227190561814479,0.008826121349144248,0.020024291410629197,1008,1007,0
rtpa_v02_natural_language_confirm1,natural_language,B_U8_P_STORE,early,0.002480063292358659,1.230111393009895,2.5290582018767562,0.0007996124300428953,0.06227190561814479,0.006158076554244544,0.01574912066575993,496,496,0
rtpa_v02_natural_language_confirm1,natural_language,B_U8_P_STORE,late,0.0028500841003368063,1.4592430593724448,1.4128425104800904,0.001637891598147645,0.037404386803979985,0.009555653051742411,0.021998913913008476,512,511,0
rtpa_v02_natural_language_confirm1,natural_language,B_DAMP8_P_STORE,primary,0.001856865435973326,1.8717203594611127,1.9630730067068491,0.0016610696519905321,0.02235752954732768,0.006548259991667201,0.012258761000307506,1008,1007,0
rtpa_v02_natural_language_confirm1,natural_language,B_DAMP8_P_STORE,early,0.0017125900107740832,0.8494446453439451,2.528020586807256,-0.00023800263945750189,0.01860711281229742,0.004668094517634884,0.008107438931505853,496,496,0
rtpa_v02_natural_language_confirm1,natural_language,B_DAMP8_P_STORE,late,0.001996632254135093,1.0222757141171674,1.4147090150634019,0.0035043961814591462,0.02235752954732768,0.007503132569820656,0.01407206910995268,512,511,0
rtpa_v02_natural_language_confirm1,natural_language,B_DIAG8_P_STORE,primary,0.001583698952639985,1.5963685442611049,1.9651161399391297,0.0037042028842710906,0.019616300568491007,0.004857763639039777,0.011064155895479051,1008,1007,0
rtpa_v02_natural_language_confirm1,natural_language,B_DIAG8_P_STORE,early,0.001517276738482846,0.7525692622874915,2.528624194455255,0.0003656050085418805,0.015234850211186653,0.004022058100796972,0.008790934885224928,496,496,0
rtpa_v02_natural_language_confirm1,natural_language,B_DIAG8_P_STORE,late,0.0016480454726047135,0.8437992819736132,1.4181494177473524,0.006944798865409663,0.019616300568491007,0.006473128810169499,0.011638541780727618,512,511,0
rtpa_v02_natural_language_confirm1,natural_language,B_JOINT8_P_STORE,primary,0.0014846685642250514,1.4965459127388518,1.9618898106182632,0.0004778735634045628,0.031966126555602596,0.004385993342747002,0.00795986698125426,1008,1007,0
rtpa_v02_natural_language_confirm1,natural_language,B_JOINT8_P_STORE,early,0.0014765085767314261,0.7323482540587873,2.5273307333582173,-0.000927856088495993,0.010261853710791215,0.003823100844447181,0.006242291638262571,496,496,0
rtpa_v02_natural_language_confirm1,natural_language,B_JOINT8_P_STORE,late,0.001492573552109501,0.7641976586800645,1.4130469580174467,0.001842339135504023,0.031966126555602596,0.0046287480087716165,0.009070289218338348,512,511,0
rtpa_v02_natural_language_confirm1,natural_language,B_U8_P_PRE,primary,0.00242717576421121,2.4465931703249004,1.9618756223646217,0.00046368530976304,0.035518244174635116,0.00783434520176976,0.015708685302639802,1008,1007,0
rtpa_v02_natural_language_confirm1,natural_language,B_U8_P_PRE,early,0.002254300993869341,1.1181332929591932,2.5307639862960927,0.0025053968493793377,0.025002257650690578,0.006053835125469431,0.010655564989328589,496,496,0
rtpa_v02_natural_language_confirm1,natural_language,B_U8_P_PRE,late,0.0025946481979798965,1.328459877365707,1.4096865254761486,-0.0015180934057941187,0.035518244174635116,0.009476439091915041,0.022647441241332618,512,511,0
rtpa_v02_natural_language_confirm1,natural_language,B_DAMP8_P_PRE,primary,0.001793494833200069,1.8078427918656697,1.9617906661664228,0.0003787291115642244,0.02226147725638573,0.006329879921697134,0.01125715497808504,1008,1007,0
rtpa_v02_natural_language_confirm1,natural_language,B_DAMP8_P_PRE,early,0.0016562868126744673,0.8215182590865358,2.5268679517449857,-0.0013906377017276483,0.02151955516818732,0.004016544970597598,0.009936927541142183,496,496,0
rtpa_v02_natural_language_confirm1,natural_language,B_DAMP8_P_PRE,late,0.0019264151030842457,0.9863245327791339,1.4133007764463306,0.002096157564387857,0.02226147725638573,0.007154037307298993,0.012137416364793057,512,511,0
rtpa_v02_natural_language_confirm1,natural_language,B_DIAG8_P_PRE,primary,0.001665632899521197,1.6789579627173665,1.9637025896717704,0.002290652616911748,0.026142064947530592,0.004933319642471791,0.014807604739467777,1008,1007,0
rtpa_v02_natural_language_confirm1,natural_language,B_DIAG8_P_PRE,early,0.0015895042012092082,0.7883940837997672,2.5263393039394986,-0.001919285507214763,0.026142064947530592,0.004353943273777998,0.010090614666029604,496,496,0
rtpa_v02_natural_language_confirm1,natural_language,B_DIAG8_P_PRE,late,0.001739382576010936,0.8905638789175992,1.417581630225991,0.006377011344048222,0.023707209450993076,0.00556349486861504,0.017370581317328736,512,511,0
rtpa_v02_natural_language_confirm1,natural_language,B_JOINT8_P_PRE,primary,0.0016353849249409007,1.6484680043404278,1.9624882057066724,0.001076268651813761,0.028282806603327333,0.0055206231305364424,0.010017812618162512,1008,1007,0
rtpa_v02_natural_language_confirm1,natural_language,B_JOINT8_P_PRE,early,0.001616793524507535,0.8019295881557373,2.526876736301553,-0.0013818531451601501,0.016329538919676808,0.004452397651090527,0.007938743496677137,496,496,0
rtpa_v02_natural_language_confirm1,natural_language,B_JOINT8_P_PRE,late,0.0016533953441107234,0.8465384161846904,1.414666853113598,0.003462234231655259,0.028282806603327333,0.006507791216400883,0.010256560724894052,512,511,0
rtpa_v02_natural_language_confirm2,natural_language,NATIVE_REFERENCE,primary,0.0,0.0,1.4628176239243829,0.0,0.0,0.0,0.0,1008,1007,0
rtpa_v02_natural_language_confirm2,natural_language,NATIVE_REFERENCE,early,0.0,0.0,1.765680962416305,0.0,0.0,0.0,0.0,496,496,0
rtpa_v02_natural_language_confirm2,natural_language,NATIVE_REFERENCE,late,0.0,0.0,1.1688445986954332,0.0,0.0,0.0,0.0,512,511,0
rtpa_v02_natural_language_confirm2,natural_language,B_U8_P_STORE,primary,0.002346159756279731,2.3649290343299687,1.466129498702897,0.0033118747785141345,0.11521485079827234,0.008012685268671748,0.023641970508162694,1008,1007,0
rtpa_v02_natural_language_confirm2,natural_language,B_U8_P_STORE,early,0.0022845697469359447,1.1331465944802286,1.7690509499747669,0.003369987558461851,0.08273017790836612,0.0070796801381564425,0.01481970212824035,496,496,0
rtpa_v02_natural_language_confirm2,natural_language,B_U8_P_STORE,late,0.002405825077831524,1.2317824398497403,1.1721000665485968,0.0032554678531635517,0.11521485079827234,0.008952961155324629,0.02702962733982986,512,511,0
rtpa_v02_natural_language_confirm2,natural_language,B_DAMP8_P_STORE,primary,0.0020766653734092685,2.0932786963965424,1.464475971325751,0.0016583474013680544,0.20605828574931473,0.005410356049797878,0.027870579830466615,1008,1007,0
rtpa_v02_natural_language_confirm2,natural_language,B_DAMP8_P_STORE,early,0.001460676001082848,0.7244952965370925,1.7661084229965964,0.00042746058029141665,0.049831369923860724,0.004043969636639834,0.012035629661115153,496,496,0
rtpa_v02_natural_language_confirm2,natural_language,B_DAMP8_P_STORE,late,0.002673405077850488,1.3687833998594499,1.1716977012108007,0.0028531025153675227,0.20605828574931473,0.007685148035272343,0.041720009293143595,512,511,0
rtpa_v02_natural_language_confirm2,natural_language,B_DIAG8_P_STORE,primary,0.002199215618671623,2.216809343620996,1.4713701950544005,0.008552571130017617,0.18197868284005522,0.006027896602467502,0.024453218408613468,1008,1007,0
rtpa_v02_natural_language_confirm2,natural_language,B_DIAG8_P_STORE,early,0.0015644965866035867,0.7759903069553792,1.7753537920840834,0.009672829667778382,0.04823021804984701,0.005395828784207806,0.010774590145196375,496,496,0
rtpa_v02_natural_language_confirm2,natural_language,B_DIAG8_P_STORE,late,0.002814099680987533,1.4408190366656168,1.1763097955891897,0.007465196893756465,0.18197868284005522,0.006208801118960041,0.06412280886267334,512,511,0
rtpa_v02_natural_language_confirm2,natural_language,B_JOINT8_P_STORE,primary,0.0019026592716212046,1.9178805457941743,1.4677061052598748,0.004888481335491912,0.14870354518042694,0.005138977140327056,0.024448316607824695,1008,1007,0
rtpa_v02_natural_language_confirm2,natural_language,B_JOINT8_P_STORE,early,0.001378411822233533,0.6836922638278323,1.7690279170260566,0.00334695460975154,0.04870534752494854,0.004417751708173651,0.00840588483344317,496,496,0
rtpa_v02_natural_language_confirm2,natural_language,B_JOINT8_P_STORE,late,0.0024105239882155115,1.234188281966342,1.1752293564613894,0.0063847577659561505,0.14870354518042694,0.0057968808151666025,0.034148542180362534,512,511,0
rtpa_v02_natural_language_confirm2,natural_language,B_U8_P_PRE,primary,0.002256185355977234,2.274234838825052,1.4693695032785528,0.006551879354169898,0.21579866160813832,0.007030386550836132,0.021608699440116987,1008,1007,0
rtpa_v02_natural_language_confirm2,natural_language,B_U8_P_PRE,early,0.0023905836363779073,1.185729483643442,1.77487360063211,0.00919263821580496,0.21579866160813832,0.006820609478454954,0.017133166957136944,496,496,0
rtpa_v02_natural_language_confirm2,natural_language,B_U8_P_PRE,late,0.002125987021839082,1.08850535518161,1.1728332365713816,0.0039886378759483865,0.04215774692486296,0.007532786051618586,0.024468692304557386,512,511,0
rtpa_v02_natural_language_confirm2,natural_language,B_DAMP8_P_PRE,primary,0.0018822203554902193,1.897278118334141,1.4648953309377521,0.00207770701336929,0.07951906588824005,0.005972858305148768,0.02043645111307991,1008,1007,0
rtpa_v02_natural_language_confirm2,natural_language,B_DAMP8_P_PRE,early,0.0017492933563075506,0.8676495047285451,1.7658413859117243,0.00016042349541933731,0.04835786228769445,0.005100652898736591,0.016833694976834058,496,496,0
rtpa_v02_natural_language_confirm2,natural_language,B_DAMP8_P_PRE,late,0.0020109933859484294,1.0296286136055959,1.1727833088886521,0.003938710193218897,0.07951906588824005,0.006352948579628166,0.032447717246970084,512,511,0
rtpa_v02_natural_language_confirm2,natural_language,B_DIAG8_P_PRE,primary,0.0016854039712118616,1.6988872029815565,1.467360164946244,0.004542541021861135,0.11769449091756895,0.00484012590260293,0.015616996785102177,1008,1007,0
rtpa_v02_natural_language_confirm2,natural_language,B_DIAG8_P_PRE,early,0.001307260177382432,0.6484010479816863,1.76913074930573,0.0034497868894249883,0.024673737071015417,0.004088045747218904,0.008925857102778208,496,496,0
rtpa_v02_natural_language_confirm2,natural_language,B_DIAG8_P_PRE,late,0.0020517307714841217,1.05048615499987,1.1744478169182497,0.005603218222816508,0.11769449091756895,0.0054644638442203795,0.022102219779367112,512,511,0
rtpa_v02_natural_language_confirm2,natural_language,B_JOINT8_P_PRE,primary,0.0017903944470684073,1.8047176026449545,1.463457139777922,0.0006395158535390522,0.17006633664610152,0.005346035229525031,0.01744242066842766,1008,1007,0
rtpa_v02_natural_language_confirm2,natural_language,B_JOINT8_P_PRE,early,0.0014226693327264272,0.705643989032308,1.7662003618211586,0.0005193994048535711,0.031795436450790346,0.004479574164041878,0.012097058831947432,496,496,0
rtpa_v02_natural_language_confirm2,natural_language,B_JOINT8_P_PRE,late,0.0021466281515872,1.0990736136126464,1.1696007050745059,0.0007561063790726408,0.17006633664610152,0.005788575688467676,0.025433613445558178,512,511,0
rtpa_v02_natural_language_confirm3,natural_language,NATIVE_REFERENCE,primary,0.0,0.0,1.8927783446957251,0.0,0.0,0.0,0.0,1008,1007,0
rtpa_v02_natural_language_confirm3,natural_language,NATIVE_REFERENCE,early,0.0,0.0,1.3815621451953424,0.0,0.0,0.0,0.0,496,496,0
rtpa_v02_natural_language_confirm3,natural_language,NATIVE_REFERENCE,late,0.0,0.0,2.388988197831126,0.0,0.0,0.0,0.0,512,511,0
rtpa_v02_natural_language_confirm3,natural_language,B_U8_P_STORE,primary,0.002054316124601645,2.0707506535984583,1.8952988728840645,0.002520528188339366,0.0779301693110544,0.0070309489128625065,0.018228883845660616,1008,1007,0
rtpa_v02_natural_language_confirm3,natural_language,B_U8_P_STORE,early,0.001347393068887511,0.6683069621682055,1.384196491064186,0.0026343458688435906,0.0779301693110544,0.0038715405178166677,0.011088721613261887,496,496,0
rtpa_v02_natural_language_confirm3,natural_language,B_U8_P_STORE,late,0.0027391478348247123,1.4024436914302527,2.3913982493667647,0.0024100515356386687,0.03622654852806977,0.009697111567013446,0.019530614618039323,512,511,0
rtpa_v02_natural_language_confirm3,natural_language,B_DAMP8_P_STORE,primary,0.0016249229478248503,1.6379223314074494,1.8937827219103924,0.0010043772146672847,0.05806117530019272,0.005124373080342838,0.013199615974210845,1008,1007,0
rtpa_v02_natural_language_confirm3,natural_language,B_DAMP8_P_STORE,early,0.001056413975920883,0.5239813320567579,1.382766126881593,0.001203981686250577,0.03477006096799699,0.0029606640777340896,0.007925277294205325,496,496,0
rtpa_v02_natural_language_confirm3,natural_language,B_DAMP8_P_STORE,late,0.0021756660143568193,1.1139409993506915,2.389798829805274,0.0008106319741481016,0.05806117530019272,0.006365529315623187,0.01366262578369083,512,511,0
rtpa_v02_natural_language_confirm3,natural_language,B_DIAG8_P_STORE,primary,0.0014629193527118279,1.4746227075335228,1.891311711258669,-0.0014666334370561085,0.044666331835138295,0.004417911488283877,0.012090875200419259,1008,1007,0
rtpa_v02_natural_language_confirm3,natural_language,B_DIAG8_P_STORE,early,0.0009982064731656227,0.4951104106901489,1.3836356415870554,0.002073496391713059,0.02932615121337025,0.002789772442702908,0.010159442335118457,496,496,0
rtpa_v02_natural_language_confirm3,natural_language,B_DIAG8_P_STORE,late,0.001913109954772214,0.9795122968433737,2.384085352270646,-0.004902845560479818,0.044666331835138295,0.0057522942163180995,0.012725316781976042,512,511,0
rtpa_v02_natural_language_confirm3,natural_language,B_JOINT8_P_STORE,primary,0.0014375402049329753,1.4490405265724389,1.8911792847903262,-0.0015990599053989918,0.04107306191542168,0.004372293409620829,0.01137772325181361,1008,1007,0
rtpa_v02_natural_language_confirm3,natural_language,B_JOINT8_P_STORE,early,0.0009791928810078119,0.48567966897987475,1.3840591581087625,0.0024970129134200825,0.029241211673710174,0.002792047685702918,0.006577514307689555,496,496,0
rtpa_v02_natural_language_confirm3,natural_language,B_JOINT8_P_STORE,late,0.0018815641749854771,0.9633608575925642,2.383413302078106,-0.005574895753019948,0.04107306191542168,0.005524973654201861,0.013318333412115793,512,511,0
rtpa_v02_natural_language_confirm3,natural_language,B_U8_P_PRE,primary,0.0022954906879682243,2.3138546134719706,1.8962209069574225,0.0034425622616973683,0.06901002205508767,0.008512093357765604,0.020761937276836156,1008,1007,0
rtpa_v02_natural_language_confirm3,natural_language,B_U8_P_PRE,early,0.0013584599152297327,0.6737961179539473,1.3826957450829307,0.0011335998875883213,0.04247854707226048,0.0036622119326202704,0.01462266845845228,496,496,0
rtpa_v02_natural_language_confirm3,natural_language,B_U8_P_PRE,late,0.003203239249058639,1.640058495518023,2.3946719447064404,0.005683746875314366,0.06901002205508767,0.012050458269359798,0.02289721977033341,512,511,0
rtpa_v02_natural_language_confirm3,natural_language,B_DAMP8_P_PRE,primary,0.0016549478542574154,1.6681874370914747,1.892539169752497,-0.0002391749432282264,0.06613361040002935,0.005505775085402236,0.01427851781698215,1008,1007,0
rtpa_v02_natural_language_confirm3,natural_language,B_DAMP8_P_PRE,early,0.0010898196707932214,0.540550556713438,1.3846798535193054,0.0031177083239630754,0.06613361040002935,0.0032630105226909055,0.0067482566694460405,496,496,0
rtpa_v02_natural_language_confirm3,natural_language,B_DAMP8_P_PRE,late,0.0022024157819883535,1.1276368803780368,2.3854906782684715,-0.0034975195626545386,0.057823770477284556,0.0073800555528627425,0.014513655858121262,512,511,0
rtpa_v02_natural_language_confirm3,natural_language,B_DIAG8_P_PRE,primary,0.0014998821218740303,1.5118811788490225,1.894435278580443,0.0016569338847178816,0.04518381285605097,0.004422246540189567,0.016039372385774527,1008,1007,0
rtpa_v02_natural_language_confirm3,natural_language,B_DIAG8_P_PRE,early,0.0010413649610001078,0.5165170206560533,1.3852781269291254,0.003715981733783069,0.04518381285605097,0.0028497429702508187,0.012923954809649418,496,496,0
rtpa_v02_natural_language_confirm3,natural_language,B_DIAG8_P_PRE,late,0.0019440706214706427,0.9953641581929691,2.3886465255844613,-0.00034167224666470375,0.03431379643627239,0.005555321778306913,0.020751443422439675,512,511,0
rtpa_v02_natural_language_confirm3,natural_language,B_JOINT8_P_PRE,primary,0.0013227498424326742,1.3333318411721355,1.890640517095861,-0.0021378275998642504,0.05761692631589714,0.0038887201881560793,0.006795992931135184,1008,1007,0
rtpa_v02_natural_language_confirm3,natural_language,B_JOINT8_P_PRE,early,0.0008393867625970956,0.41633583424815945,1.382461009553418,0.0008988643580756239,0.026520088176024408,0.002358883854309397,0.0048149151293760345,496,496,0
rtpa_v02_natural_language_confirm3,natural_language,B_JOINT8_P_PRE,late,0.001791007826023391,0.9169960069239762,2.3839028179589756,-0.005085379872150408,0.05761692631589714,0.0048652722348939,0.007793101887187091,512,511,0
rtpa_v02_code_confirm0,code,NATIVE_REFERENCE,primary,0.0,0.0,1.145673415011286,0.0,0.0,0.0,0.0,1008,1007,0
rtpa_v02_code_confirm0,code,NATIVE_REFERENCE,early,0.0,0.0,1.3059014543273642,0.0,0.0,0.0,0.0,496,496,0
rtpa_v02_code_confirm0,code,NATIVE_REFERENCE,late,0.0,0.0,0.9901487427984195,0.0,0.0,0.0,0.0,512,511,0
rtpa_v02_code_confirm0,code,B_U8_P_STORE,primary,0.0018708537674307765,1.8858205975702227,1.1461302344545932,0.00045681944330722146,0.08721975024249208,0.006175839551127966,0.013342474005836748,1008,1007,0
rtpa_v02_code_confirm0,code,B_U8_P_STORE,early,0.002041926419132172,1.0127955038895575,1.3054542729749765,-0.0004471813523876378,0.08721975024249208,0.006103244007893931,0.012081290589374303,496,496,0
rtpa_v02_code_confirm0,code,B_U8_P_STORE,late,0.001705127136095049,0.873025093680665,0.9914830268105423,0.0013342840121228772,0.04454908153642013,0.006271587265240856,0.01329890907601412,512,511,0
rtpa_v02_code_confirm0,code,B_DAMP8_P_STORE,primary,0.001469125176410241,1.4808781778215232,1.1469181466675888,0.0012447316563028998,0.24188523462787329,0.004683300547595268,0.008912101003975555,1008,1007,0
rtpa_v02_code_confirm0,code,B_DAMP8_P_STORE,early,0.0017669191163053515,0.8763918816874543,1.3052819869833276,-0.0006194673440365062,0.24188523462787329,0.0045733737179395224,0.009981998695237861,496,496,0
rtpa_v02_code_confirm0,code,B_DAMP8_P_STORE,late,0.0011806372971368533,0.6044862961340689,0.993202951370903,0.0030542085724835077,0.01565403446987499,0.004675581290903632,0.008229347820542824,512,511,0
rtpa_v02_code_confirm0,code,B_DIAG8_P_STORE,primary,0.0012943986703124863,1.304753859674986,1.1468286626238247,0.0011552476125387123,0.08564515002332737,0.004187577217379035,0.010102419201929105,1008,1007,0
rtpa_v02_code_confirm0,code,B_DIAG8_P_STORE,early,0.0013022925711448725,0.6459371152878568,1.305598895378493,-0.00030255894887121215,0.06849814198882036,0.003903023500615395,0.008639402871197082,496,496,0
rtpa_v02_code_confirm0,code,B_DIAG8_P_STORE,late,0.0012867514538811118,0.6588167443871292,0.9927190042161624,0.0025702614177429695,0.08564515002332737,0.004229519692131611,0.01039357937150094,512,511,0
rtpa_v02_code_confirm0,code,B_JOINT8_P_STORE,primary,0.0012132415876050262,1.2229475203058662,1.1465132482249936,0.0008398332137076192,0.14006527409013567,0.003621230375544729,0.010567244418069532,1008,1007,0
rtpa_v02_code_confirm0,code,B_JOINT8_P_STORE,early,0.0011162648116546032,0.5536673465806832,1.3036113341393376,-0.0022901201880265454,0.029975075918115004,0.0033694867575101927,0.010295482449094088,496,496,0
rtpa_v02_code_confirm0,code,B_JOINT8_P_STORE,late,0.001307187839306998,0.669280173725183,0.9940266521124405,0.0038779093140209886,0.14006527409013567,0.003950620914410496,0.010417696676504353,512,511,0
rtpa_v02_code_confirm0,code,B_U8_P_PRE,primary,0.0017590279540207216,1.7731001776528874,1.1472493937903339,0.0015759787790479152,0.03965747307165572,0.006190599704584642,0.015138892188231223,1008,1007,0
rtpa_v02_code_confirm0,code,B_U8_P_PRE,early,0.0018345250745400157,0.9099244369718478,1.3046627075182895,-0.0012387468090746534,0.03965747307165572,0.00570344855712856,0.016187860058721863,496,496,0
rtpa_v02_code_confirm0,code,B_U8_P_PRE,late,0.0016858901185176558,0.8631757406810397,0.9944568231267997,0.004308080328380259,0.03226134312453409,0.0064518251302195,0.012661870036190431,512,511,0
rtpa_v02_code_confirm0,code,B_DAMP8_P_PRE,primary,0.001207309738269466,1.2169682161756217,1.144996860792874,-0.0006765542184119511,0.06382804409496033,0.004152005285470629,0.008337756213293157,1008,1007,0
rtpa_v02_code_confirm0,code,B_DAMP8_P_PRE,early,0.0012449042702594555,0.6174725180486899,1.3045113581706116,-0.0013900961567525627,0.06382804409496033,0.0037628948525509237,0.00898727101352475,496,496,0
rtpa_v02_code_confirm0,code,B_DAMP8_P_PRE,late,0.0011708900354041637,0.5994956981269318,0.9901647850602755,1.604226185603075e-05,0.01574675303456424,0.004651240566048034,0.007317563237514925,512,511,0
rtpa_v02_code_confirm0,code,B_DIAG8_P_PRE,primary,0.0013398059884352856,1.350524436342768,1.1471629823391232,0.0014895673278372268,0.11899423617203637,0.004082330420595819,0.00956388205457508,1008,1007,0
rtpa_v02_code_confirm0,code,B_DIAG8_P_PRE,early,0.001220397672257031,0.6053172454394874,1.3048062807738943,-0.0010951735534698859,0.06408663107450914,0.0035473665611707728,0.006657055419314332,496,496,0
rtpa_v02_code_confirm0,code,B_DIAG8_P_PRE,late,0.0014554827947329697,0.7452071909032805,0.9941471779875644,0.003998435189144889,0.11899423617203637,0.004999495572439137,0.010803708689401679,512,511,0
rtpa_v02_code_confirm0,code,B_JOINT8_P_PRE,primary,0.0012096983136592636,1.219375900168538,1.1489764098027104,0.003302994791424485,0.04373112291320384,0.004378815618957116,0.008210753312093743,1008,1007,0
rtpa_v02_code_confirm0,code,B_JOINT8_P_PRE,early,0.001139770405144989,0.5653261209519145,1.305476673455857,-0.0004247808715072132,0.04373112291320384,0.0033908046787424263,0.006720064560149227,496,496,0
rtpa_v02_code_confirm0,code,B_JOINT8_P_PRE,late,0.0012774409750324679,0.6540497792166236,0.9970700873526895,0.00692134455427007,0.031238862053031266,0.005199446622472686,0.010428046213688395,512,511,0
rtpa_v02_code_confirm1,code,NATIVE_REFERENCE,primary,0.0,0.0,1.4170182806709368,0.0,0.0,0.0,0.0,1008,1007,0
rtpa_v02_code_confirm1,code,NATIVE_REFERENCE,early,0.0,0.0,1.8366842021946708,0.0,0.0,0.0,0.0,496,496,0
rtpa_v02_code_confirm1,code,NATIVE_REFERENCE,late,0.0,0.0,1.009671319661598,0.0,0.0,0.0,0.0,512,511,0
rtpa_v02_code_confirm1,code,B_U8_P_STORE,primary,0.002134177494802727,2.151250914761149,1.4192525169174088,0.00223423624647201,0.04794709939436965,0.006892873218550575,0.015693150610980696,1008,1007,0
rtpa_v02_code_confirm1,code,B_U8_P_STORE,early,0.002150438057507558,1.0666172765237487,1.8385050753959593,0.001820873201288542,0.040435518466940226,0.006440178106363791,0.013198103228991892,496,496,0
rtpa_v02_code_confirm1,code,B_U8_P_STORE,late,0.0021184250746824227,1.0846336382374004,1.0123067850086787,0.00263546534708059,0.04794709939436965,0.007175619941160319,0.018244275680393836,512,511,0
rtpa_v02_code_confirm1,code,B_DAMP8_P_STORE,primary,0.0015426456678263665,1.5549868331689773,1.4174991055519215,0.0004808248809846649,0.05822160473664351,0.004760036801329005,0.010158448615883308,1008,1007,0
rtpa_v02_code_confirm1,code,B_DAMP8_P_STORE,early,0.001609221722244563,0.7981739742333033,1.8364319864372145,-0.00025221575745626446,0.05822160473664351,0.004489904606878656,0.0070071969077549505,496,496,0
rtpa_v02_code_confirm1,code,B_DAMP8_P_STORE,late,0.0014781501151087382,0.756812858935674,1.0108636673540639,0.0011923476924657894,0.03215181992321228,0.0049881586896646036,0.013672059939511089,512,511,0
rtpa_v02_code_confirm1,code,B_DIAG8_P_STORE,primary,0.0014513494016526061,1.462960196865827,1.415802931063547,-0.0012153496073898928,0.0746834794048003,0.00439997353324366,0.010901349737640974,1008,1007,0
rtpa_v02_code_confirm1,code,B_DIAG8_P_STORE,early,0.001579994052048986,0.783677049816297,1.835786191998599,-0.0008980101960718301,0.0746834794048003,0.004026258644727679,0.00934900051355749,496,496,0
rtpa_v02_code_confirm1,code,B_DIAG8_P_STORE,late,0.0013267248965811134,0.6792831470495301,1.0081479458897982,-0.0015233737717998963,0.02971425957080403,0.004645170130213149,0.011404861425410506,512,511,0
rtpa_v02_code_confirm1,code,B_JOINT8_P_STORE,primary,0.001314542887216443,1.3250592303141746,1.4147417517763416,-0.0022765288945951756,0.040132902056987003,0.00412040937780335,0.007788775829285155,1008,1007,0
rtpa_v02_code_confirm1,code,B_JOINT8_P_STORE,early,0.0014623432365573955,0.7253222453324681,1.8346817423203712,-0.002002459874299589,0.040132902056987003,0.0042159297096846324,0.010905708601766735,496,496,0
rtpa_v02_code_confirm1,code,B_JOINT8_P_STORE,late,0.0011713612987923954,0.5997369849817066,1.007128766825581,-0.002542552836017009,0.019797640407392805,0.0040363620086207004,0.007376986615159213,512,511,0
rtpa_v02_code_confirm1,code,B_U8_P_PRE,primary,0.0021243257058554295,2.1413203115022728,1.4162465415496468,-0.0007717391212900271,0.06503251233939623,0.007312243797055054,0.01516808214938043,1008,1007,0
rtpa_v02_code_confirm1,code,B_U8_P_PRE,early,0.0019787632299442977,0.9814665620523717,1.8327872356353547,-0.0038969665593160396,0.021693603552245963,0.006338023714327701,0.012051916649683919,496,496,0
rtpa_v02_code_confirm1,code,B_U8_P_PRE,late,0.0022653393543943384,1.1598537494499013,1.0119330694038327,0.0022617497422345867,0.06503251233939623,0.008246596364819824,0.01931555888571832,512,511,0
rtpa_v02_code_confirm1,code,B_DAMP8_P_PRE,primary,0.0016769112899525413,1.6903265802721614,1.418244477231569,0.0012261965606321645,0.06867241630291492,0.005277464198095199,0.01334934863262368,1008,1007,0
rtpa_v02_code_confirm1,code,B_DAMP8_P_PRE,early,0.0017211680988248117,0.8536993770171065,1.8373707571102225,0.0006865549155516959,0.06539518600485697,0.004830921572753583,0.008721755425564156,496,496,0
rtpa_v02_code_confirm1,code,B_DAMP8_P_PRE,late,0.0016340375063575293,0.836627203255055,1.0114213171145194,0.0017499974529213702,0.06867241630291492,0.0062034014919514205,0.014299283216878199,512,511,0
rtpa_v02_code_confirm1,code,B_DIAG8_P_PRE,primary,0.0013758743109547886,1.386881305442427,1.4152723598812202,-0.0017459207897165818,0.0552146482748475,0.004418739757664438,0.007468926159849576,1008,1007,0
rtpa_v02_code_confirm1,code,B_DIAG8_P_PRE,early,0.0014933004050435709,0.7406770009016111,1.8348926279566637,-0.001791574238007021,0.0552146482748475,0.0037300024179288856,0.006611456007886001,496,496,0
rtpa_v02_code_confirm1,code,B_DIAG8_P_PRE,late,0.0012621177823062806,0.6462043045408157,1.007969712199381,-0.0017016074622171473,0.015501899286426818,0.004747613809789813,0.008247580027848195,512,511,0
rtpa_v02_code_confirm1,code,B_JOINT8_P_PRE,primary,0.0012968151156720845,1.307189636597461,1.4166734177607279,-0.0003448629102089651,0.019715797585625083,0.004003469829430266,0.009128227533772534,1008,1007,0
rtpa_v02_code_confirm1,code,B_JOINT8_P_PRE,early,0.0013704917248234581,0.6797638955124352,1.837428688461968,0.000744486267297173,0.019715797585625083,0.0038340309973330646,0.009192068265624383,496,496,0
rtpa_v02_code_confirm1,code,B_JOINT8_P_PRE,late,0.0012254409005566908,0.6274257410850258,1.0082690845556104,-0.0014022351059876925,0.015644006721845807,0.004299580499100411,0.008451122018264296,512,511,0
rtpa_v02_code_confirm2,code,NATIVE_REFERENCE,primary,0.0,0.0,1.1692176769907854,0.0,0.0,0.0,0.0,1008,1007,0
rtpa_v02_code_confirm2,code,NATIVE_REFERENCE,early,0.0,0.0,1.4670093306524652,0.0,0.0,0.0,0.0,496,496,0
rtpa_v02_code_confirm2,code,NATIVE_REFERENCE,late,0.0,0.0,0.8801674613035186,0.0,0.0,0.0,0.0,512,511,0
rtpa_v02_code_confirm2,code,B_U8_P_STORE,primary,0.0012713665343675586,1.2815374666424988,1.172229209868922,0.0030115328781366024,0.016899396915436713,0.004946040590652882,0.011439396047735157,1008,1007,0
rtpa_v02_code_confirm2,code,B_U8_P_STORE,early,0.0012117442614434225,0.6010251536759376,1.4697887697201957,0.0027794390677304825,0.01637688864717439,0.004170733675831665,0.008402836208465724,496,496,0
rtpa_v02_code_confirm2,code,B_U8_P_STORE,late,0.001329125611262815,0.6805123129665612,0.8834042750622059,0.003236813758687229,0.016899396915436713,0.00542335089493605,0.011337666322728812,512,511,0
rtpa_v02_code_confirm2,code,B_DAMP8_P_STORE,primary,0.0009548833789713032,0.9625224460030737,1.1716252057444743,0.002407528753688881,0.01619041531951386,0.00367902223389146,0.00815102578681588,1008,1007,0
rtpa_v02_code_confirm2,code,B_DAMP8_P_STORE,early,0.0009355934525714409,0.4640543524754347,1.4696407780559748,0.0026314474035096236,0.01264437715113331,0.0028833949356266296,0.0071672214998932445,496,496,0
rtpa_v02_code_confirm2,code,B_DAMP8_P_STORE,late,0.0009735704951711698,0.49846809352763893,0.8823576443618826,0.002190183058363937,0.01619041531951386,0.003992647172731538,0.008483949504136506,512,511,0
rtpa_v02_code_confirm2,code,B_DIAG8_P_STORE,primary,0.0007685641065129512,0.7747126193650549,1.1714717569418232,0.0022540799510377685,0.009677843565664673,0.0028659046946040026,0.005701831141574188,1008,1007,0
rtpa_v02_code_confirm2,code,B_DIAG8_P_STORE,early,0.0007987648479627546,0.39618736458952625,1.469351045813895,0.0023417151614297804,0.008512983141675125,0.002540060650729254,0.004942352005687156,496,496,0
rtpa_v02_code_confirm2,code,B_DIAG8_P_STORE,late,0.0007393071382334544,0.3785252547755287,0.8823364785063091,0.002169017202790502,0.009677843565664673,0.0030669191992667407,0.006585218585062316,512,511,0
rtpa_v02_code_confirm2,code,B_JOINT8_P_STORE,primary,0.000798458853409505,0.804846524236781,1.1717519961484282,0.002534319157642795,0.013638886173192165,0.002868967484229357,0.005557021609752192,1008,1007,0
rtpa_v02_code_confirm2,code,B_JOINT8_P_STORE,early,0.0008423962931412982,0.41782856139808383,1.4717797461903248,0.004770415537859618,0.013638886173192165,0.002591483370572739,0.004673753781870876,496,496,0
rtpa_v02_code_confirm2,code,B_JOINT8_P_STORE,late,0.0007558944586693306,0.38701796283869727,0.8805313229179373,0.00036386161441870346,0.007426293383733494,0.003358898909121803,0.00576524244210337,512,511,0
rtpa_v02_code_confirm2,code,B_U8_P_PRE,primary,0.001262424383790478,1.2725237788608017,1.1697643908847624,0.00054671389397698,0.029172440191312835,0.004723969979597099,0.009759390971039538,1008,1007,0
rtpa_v02_code_confirm2,code,B_U8_P_PRE,early,0.0012799834700697548,0.6348718011545985,1.4653244549976272,-0.0016848756548379917,0.029172440191312835,0.004456348447779037,0.00958281377132287,496,496,0
rtpa_v02_code_confirm2,code,B_U8_P_PRE,late,0.0012454140189574283,0.6376519777062033,0.8828802582037819,0.00271279690026327,0.023415086004392405,0.005057954323802056,0.010047656249580393,512,511,0
rtpa_v02_code_confirm2,code,B_DAMP8_P_PRE,primary,0.000910119751911054,0.9174007099263423,1.1696011597280036,0.00038348273721822146,0.013606027807905662,0.003498091431721785,0.006168501733708146,1008,1007,0
rtpa_v02_code_confirm2,code,B_DAMP8_P_PRE,early,0.0009631490529092069,0.4777219302429666,1.4675857096247853,0.0005763789723201018,0.013606027807905662,0.003252481396874317,0.006792683013786726,496,496,0
rtpa_v02_code_confirm2,code,B_DAMP8_P_PRE,late,0.0008587476165690931,0.43967877968337565,0.8803637101217341,0.00019624881821544982,0.010614298514791815,0.0035640763309352547,0.006153269827514685,512,511,0
rtpa_v02_code_confirm2,code,B_DIAG8_P_PRE,primary,0.0007827698222684265,0.7890319808465739,1.169500314440404,0.0002826374496185391,0.009678119771406611,0.002885061012291576,0.0047926621703737165,1008,1007,0
rtpa_v02_code_confirm2,code,B_DIAG8_P_PRE,early,0.0008580863944746981,0.4256108516594503,1.467672086458167,0.0006627558057017424,0.006827110270322468,0.0028083809411664946,0.00480816105065088,496,496,0
rtpa_v02_code_confirm2,code,B_DIAG8_P_PRE,late,0.0007098068929436008,0.3634211291871236,0.880081138470129,-8.632283338960711e-05,0.009678119771406611,0.0029227990911084435,0.004786225752905468,512,511,0
rtpa_v02_code_confirm2,code,B_JOINT8_P_PRE,primary,0.0007371327123196192,0.7430297740181762,1.1715850782954251,0.002367401304639749,0.008068162748779487,0.0024670321544793513,0.004809125634725108,1008,1007,0
rtpa_v02_code_confirm2,code,B_JOINT8_P_PRE,early,0.0007590313510309125,0.3764795501113326,1.468018392920543,0.0010090622680778427,0.006882483012274555,0.002295773499111575,0.0033457625605760677,496,496,0
rtpa_v02_code_confirm2,code,B_JOINT8_P_PRE,late,0.0007159184060680538,0.36655022390684355,0.883853328678872,0.003685867375353369,0.008068162748779487,0.0029912604928871655,0.006386403378212067,512,511,0
rtpa_v02_code_confirm3,code,NATIVE_REFERENCE,primary,0.0,0.0,1.6182971219657276,0.0,0.0,0.0,0.0,1008,1007,0
rtpa_v02_code_confirm3,code,NATIVE_REFERENCE,early,0.0,0.0,1.661986508251706,0.0,0.0,0.0,0.0,496,496,0
rtpa_v02_code_confirm3,code,NATIVE_REFERENCE,late,0.0,0.0,1.5758902029875572,0.0,0.0,0.0,0.0,512,511,0
rtpa_v02_code_confirm3,code,B_U8_P_STORE,primary,0.0020938033431966373,2.1105537699422103,1.6178660374559672,-0.00043108450976037105,0.03477728190433695,0.007203853300721972,0.014161763827502503,1008,1007,0
rtpa_v02_code_confirm3,code,B_U8_P_STORE,early,0.0014904892048508902,0.7392826456060415,1.6584372338890205,-0.003549274362685484,0.016136239973858515,0.004819293439341747,0.010248844335855977,496,496,0
rtpa_v02_code_confirm3,code,B_U8_P_STORE,late,0.00267826391471908,1.371271124336169,1.5784857763389528,0.002595573351395597,0.03477728190433695,0.008375761976670821,0.017518977594378586,512,511,0
rtpa_v02_code_confirm3,code,B_DAMP8_P_STORE,primary,0.001503943202747399,1.5159747483693782,1.6204231819048238,0.002126059939096203,0.01921250062962735,0.005017828885987525,0.00929851746837992,1008,1007,0
rtpa_v02_code_confirm3,code,B_DAMP8_P_STORE,early,0.0011649080519928149,0.5777943937884361,1.659558878653433,-0.002427629598273029,0.016393385149968,0.0037678831501592237,0.00857073985709142,496,496,0
rtpa_v02_code_confirm3,code,B_DAMP8_P_STORE,late,0.0018323835050409025,0.9381803545809421,1.5824362825167415,0.00654607952918429,0.01921250062962735,0.005723334933618957,0.010447040240584406,512,511,0
rtpa_v02_code_confirm3,code,B_DIAG8_P_STORE,primary,0.001343879733265491,1.354630771131615,1.6203174347881872,0.0020203128224596245,0.025287010311892524,0.004204753918822161,0.007230928071239336,1008,1007,0
rtpa_v02_code_confirm3,code,B_DIAG8_P_STORE,early,0.0010359589460334673,0.5138356372325997,1.664785380827069,0.0027988725753629318,0.019995828866476974,0.003214650330944736,0.006314271622838663,496,496,0
rtpa_v02_code_confirm3,code,B_DIAG8_P_STORE,late,0.001642177995896514,0.8407951338990153,1.5771548100616013,0.0012646070740440774,0.025287010311892524,0.005056354610945776,0.0083195422655672,512,511,0
rtpa_v02_code_confirm3,code,B_JOINT8_P_STORE,primary,0.001370110087064012,1.381070967760524,1.618230520943968,-6.660102175959359e-05,0.03214073780409156,0.004222909202267528,0.007527655950523111,1008,1007,0
rtpa_v02_code_confirm3,code,B_JOINT8_P_STORE,early,0.001037689404475233,0.5146939446197156,1.6600807547845886,-0.0019057534671174103,0.008588636891857201,0.003553326213731541,0.005647261463002254,496,496,0
rtpa_v02_code_confirm3,code,B_JOINT8_P_STORE,late,0.0016921426233218913,0.8663770231408083,1.5776087675487664,0.0017185645612092237,0.03214073780409156,0.004709524216968403,0.01020817685311555,512,511,0
rtpa_v02_code_confirm3,code,B_U8_P_PRE,primary,0.0021239749967803235,2.140966796754566,1.6179079561283192,-0.000389165837408445,0.038347203955793635,0.00675256358121956,0.013260201357680308,1008,1007,0
rtpa_v02_code_confirm3,code,B_U8_P_PRE,early,0.0013931525478632115,0.691003663740153,1.6584472010851161,-0.0035393071665899,0.011120684329551166,0.004350134495974219,0.00659883207373188,496,496,0
rtpa_v02_code_confirm3,code,B_U8_P_PRE,late,0.0028319592441687753,1.449963133014413,1.5785587085772992,0.002668505589741965,0.038347203955793635,0.008246494637321942,0.016922980160979668,512,511,0
rtpa_v02_code_confirm3,code,B_DAMP8_P_PRE,primary,0.0017010827856483116,1.7146914479334978,1.6185017082663458,0.0002045863006181481,0.03924660978696533,0.005840617369606329,0.009629768149992675,1008,1007,0
rtpa_v02_code_confirm3,code,B_DAMP8_P_PRE,early,0.0011169466087504903,0.5540055179402431,1.6604309593376632,-0.0015555489140428591,0.00886554579379175,0.0034928849650911606,0.006200237951744926,496,496,0
rtpa_v02_code_confirm3,code,B_DAMP8_P_PRE,late,0.002266964707018076,1.1606859299932548,1.5778032571286287,0.0019130541410714574,0.03924660978696533,0.0075026177571547925,0.0144168445338536,512,511,0
rtpa_v02_code_confirm3,code,B_DIAG8_P_PRE,primary,0.0013104018447245283,1.3208850594823245,1.6216458679198695,0.0033487459541419184,0.020238461661695864,0.004032005230116961,0.00818416609638373,1008,1007,0
rtpa_v02_code_confirm3,code,B_DIAG8_P_PRE,early,0.0010540821375734405,0.5228247402364264,1.6653739279064081,0.0033874196547021285,0.01582101457231012,0.0035714859309170805,0.006117649417154351,496,496,0
rtpa_v02_code_confirm3,code,B_DIAG8_P_PRE,late,0.0015587115610271446,0.7980603192458982,1.5792014104769672,0.0033112074894099397,0.020238461661695864,0.004674580174446191,0.009923692664675536,512,511,0
rtpa_v02_code_confirm3,code,B_JOINT8_P_PRE,primary,0.001303150444734175,1.3135756482920484,1.6173531981326243,-0.0009439238331032662,0.01982396757120544,0.004310010081201702,0.0076466243956268476,1008,1007,0
rtpa_v02_code_confirm3,code,B_JOINT8_P_PRE,early,0.0009889960805065394,0.49054205593124356,1.661580672721217,-0.0004058355304890071,0.01982396757120544,0.003059497719141117,0.006300123448973594,496,496,0
rtpa_v02_code_confirm3,code,B_JOINT8_P_PRE,late,0.0016074874850796972,0.8230335923608049,1.5744239860074931,-0.0014662169800641056,0.01979271997404106,0.004844110720977275,0.008645436093648285,512,511,0
rtpa_v02_associative_recall_confirm0,associative_recall,NATIVE_REFERENCE,primary,0.0,0.0,0.8654956530554065,0.0,0.0,0.0,0.0,1008,1007,0
rtpa_v02_associative_recall_confirm0,associative_recall,NATIVE_REFERENCE,early,0.0,0.0,1.0930985179478185,0.0,0.0,0.0,0.0,496,496,0
rtpa_v02_associative_recall_confirm0,associative_recall,NATIVE_REFERENCE,late,0.0,0.0,0.6445738898721652,0.0,0.0,0.0,0.0,512,511,0
rtpa_v02_associative_recall_confirm0,associative_recall,B_U8_P_STORE,primary,0.00045508298714352756,0.45872365104067575,0.8654886015623787,-7.051493027820932e-06,0.00858803124931195,0.0019522571169865905,0.002888796437228569,1008,1007,0
rtpa_v02_associative_recall_confirm0,associative_recall,B_U8_P_STORE,early,0.0005495382838271272,0.27257098877825514,1.0921332221361302,-0.0009652958116883603,0.00858803124931195,0.002068234442176487,0.0029914179906219626,496,496,0
rtpa_v02_associative_recall_confirm0,associative_recall,B_U8_P_STORE,late,0.0003635794184812903,0.18615266226242064,0.645496954195293,0.0009230643231277202,0.0054807111100739665,0.0019320671120000932,0.0028309571411883373,512,511,0
rtpa_v02_associative_recall_confirm0,associative_recall,B_DAMP8_P_STORE,primary,0.00042773339550880314,0.4311552626728736,0.8647719883426805,-0.0007236647127260021,0.006125037737257873,0.001925952536231721,0.0033540232328622276,1008,1007,0
rtpa_v02_associative_recall_confirm0,associative_recall,B_DAMP8_P_STORE,early,0.00045793461022175855,0.22713556666999227,1.090588763126411,-0.0025097548214074727,0.0030543097742628156,0.0019220580034882734,0.0021665262096023145,496,496,0
rtpa_v02_associative_recall_confirm0,associative_recall,B_DAMP8_P_STORE,late,0.00039847596875562755,0.20401969600288133,0.6455838860085704,0.001009996136405178,0.006125037737257873,0.001932955014203428,0.004541173254016883,512,511,0
rtpa_v02_associative_recall_confirm0,associative_recall,B_DIAG8_P_STORE,primary,0.00040455569210396,0.4077921376407917,0.8659285298326369,0.0004328767772303621,0.004671551918577425,0.001922696459412844,0.002425539599346571,1008,1007,0
rtpa_v02_associative_recall_confirm0,associative_recall,B_DIAG8_P_STORE,early,0.0004738768875023773,0.23504293620117914,1.0932603111331813,0.00016179318536280185,0.004671551918577425,0.0019514213112015876,0.0024652128167128706,496,496,0
rtpa_v02_associative_recall_confirm0,associative_recall,B_DIAG8_P_STORE,late,0.00033740078406174333,0.1727492014396126,0.6452698927972746,0.0006960029251094069,0.0037096400102376234,0.0018862909355126616,0.002227796880943282,512,511,0
rtpa_v02_associative_recall_confirm0,associative_recall,B_JOINT8_P_STORE,primary,0.0003755920066768006,0.37859674273021504,0.8654798650017425,-1.5788053664089752e-05,0.005755393696888524,0.0018903375155187275,0.002275191355841049,1008,1007,0
rtpa_v02_associative_recall_confirm0,associative_recall,B_JOINT8_P_STORE,early,0.0004403397542043199,0.21840851808534267,1.092053600752551,-0.0010449171952675584,0.0030646680959526646,0.0019231663980446294,0.002256141402745992,496,496,0
rtpa_v02_associative_recall_confirm0,associative_recall,B_JOINT8_P_STORE,late,0.00031286762625951634,0.16018822464487237,0.6455570216898031,0.0009831318176378723,0.005755393696888524,0.0018584706598674047,0.0025201313313270583,512,511,0
rtpa_v02_associative_recall_confirm0,associative_recall,B_U8_P_PRE,primary,0.00042449588337484945,0.42789185044184824,0.8650222567398668,-0.0004733963155397758,0.004604432641120943,0.0019460048716719537,0.00310081785405714,1008,1007,0
rtpa_v02_associative_recall_confirm0,associative_recall,B_U8_P_PRE,early,0.0005112367691617677,0.2535734375042368,1.0915039330004446,-0.001594584947373967,0.0042879329890573165,0.0019833008994836645,0.0033909345579778453,496,496,0
rtpa_v02_associative_recall_confirm0,associative_recall,B_U8_P_PRE,late,0.0003404656502687724,0.17431841293761147,0.6451887705847854,0.0006148807126201694,0.004604432641120943,0.0019226832235803648,0.0029943519949658074,512,511,0
rtpa_v02_associative_recall_confirm0,associative_recall,B_DAMP8_P_PRE,primary,0.0004182188424904063,0.4215645932303295,0.8663080679494162,0.0008124148940096276,0.005129390485326691,0.0019136589678859649,0.002740421062647317,1008,1007,0
rtpa_v02_associative_recall_confirm0,associative_recall,B_DAMP8_P_PRE,early,0.0004751889002204704,0.2356936945093533,1.0921372535897702,-0.0009612643580483304,0.003879311553393522,0.0019424475218476484,0.0022323035133931736,496,496,0
rtpa_v02_associative_recall_confirm0,associative_recall,B_DAMP8_P_PRE,late,0.0003630290990644067,0.18587089872097623,0.6471079190695421,0.002534029197376886,0.005129390485326691,0.001872286317670213,0.002733829514940968,512,511,0
rtpa_v02_associative_recall_confirm0,associative_recall,B_DIAG8_P_PRE,primary,0.0003966439826854666,0.39981713454695034,0.8647466615728738,-0.0007489914825327126,0.003938202698262932,0.001917164086151889,0.0025488340745858447,1008,1007,0
rtpa_v02_associative_recall_confirm0,associative_recall,B_DIAG8_P_PRE,early,0.0004487284673393262,0.22256931980030578,1.091461946171169,-0.0016365717766495536,0.0038117574077111,0.0019089215883922167,0.002284298047731198,496,496,0
rtpa_v02_associative_recall_confirm0,associative_recall,B_DIAG8_P_PRE,late,0.0003461871381770402,0.17724781474664458,0.6446864244676794,0.00011253459551419098,0.003938202698262932,0.001919445554237855,0.00297667747567047,512,511,0
rtpa_v02_associative_recall_confirm0,associative_recall,B_JOINT8_P_PRE,primary,0.00040023258939109516,0.4034344501062239,0.8650790084976263,-0.00041664455778023246,0.004601331896726596,0.0019154532633934307,0.002919139687306978,1008,1007,0
rtpa_v02_associative_recall_confirm0,associative_recall,B_JOINT8_P_PRE,early,0.00045207183394784607,0.22422762963813161,1.0911498191386684,-0.0019486988091501622,0.0033891448650742,0.0019109451845556748,0.0029298265578736687,496,496,0
rtpa_v02_associative_recall_confirm0,associative_recall,B_JOINT8_P_PRE,late,0.0003500133212267428,0.1792068204680923,0.6456443273274564,0.0010704374552911178,0.004601331896726596,0.0019216348722417196,0.0025029580661868264,512,511,0
rtpa_v02_associative_recall_confirm1,associative_recall,NATIVE_REFERENCE,primary,0.0,0.0,0.8592626470588302,0.0,0.0,0.0,0.0,1008,1007,0
rtpa_v02_associative_recall_confirm1,associative_recall,NATIVE_REFERENCE,early,0.0,0.0,1.088185332410467,0.0,0.0,0.0,0.0,496,496,0
rtpa_v02_associative_recall_confirm1,associative_recall,NATIVE_REFERENCE,late,0.0,0.0,0.6370598056999026,0.0,0.0,0.0,0.0,512,511,0
rtpa_v02_associative_recall_confirm1,associative_recall,B_U8_P_STORE,primary,0.00045860842686960455,0.46227729428456144,0.8591867819983006,-7.586506052958963e-05,0.011527948719791153,0.0019451248979359902,0.0034026141525311513,1008,1007,0
rtpa_v02_associative_recall_confirm1,associative_recall,B_U8_P_STORE,early,0.0005238318354443652,0.25982059038040506,1.0889978238200044,0.0008124914095373192,0.007388356080227795,0.0019513269124336126,0.0036164007677903565,496,496,0
rtpa_v02_associative_recall_confirm1,associative_recall,B_U8_P_STORE,late,0.0003954232498128053,0.20245670390415632,0.636121661169406,-0.0009381445304965652,0.011527948719791153,0.0019309487483247334,0.0028206121788268996,512,511,0
rtpa_v02_associative_recall_confirm1,associative_recall,B_DAMP8_P_STORE,primary,0.000400447513813979,0.40365109392449083,0.859739472957733,0.0004768258989028551,0.016244316537141187,0.0018887048532450423,0.0025573707597775935,1008,1007,0
rtpa_v02_associative_recall_confirm1,associative_recall,B_DAMP8_P_STORE,early,0.0004375903568405773,0.21704481699292633,1.0891145490575866,0.0009292166471195351,0.016244316537141187,0.0018825950801171908,0.0025165782808897587,496,496,0
rtpa_v02_associative_recall_confirm1,associative_recall,B_DAMP8_P_STORE,late,0.00036446538463196193,0.18660627693156454,0.6370975204224543,3.771472255165165e-05,0.0055118301158765485,0.0018902067089296,0.0025328866547692235,512,511,0
rtpa_v02_associative_recall_confirm1,associative_recall,B_DIAG8_P_STORE,primary,0.0003657431550449584,0.3686691002853181,0.8588865776967587,-0.0003760693620714628,0.003911200878797823,0.0018924025671855954,0.0020588388427403266,1008,1007,0
rtpa_v02_associative_recall_confirm1,associative_recall,B_DIAG8_P_STORE,early,0.00041552273575963186,0.20609927693677738,1.0888431586602207,0.0006578262497536347,0.003805620970444134,0.001907629057155862,0.001963356617945644,496,496,0
rtpa_v02_associative_recall_confirm1,associative_recall,B_DIAG8_P_STORE,late,0.00031751918622761855,0.1625698233485407,0.635680189912263,-0.0013796157876395654,0.003911200878797823,0.0018497311931989391,0.0020582571539800748,512,511,0
rtpa_v02_associative_recall_confirm1,associative_recall,B_JOINT8_P_STORE,primary,0.00036394640054869233,0.3668579717530819,0.8584290006863025,-0.0008336463725276966,0.0078535750406677,0.001893493107219001,0.0023465062162230568,1008,1007,0
rtpa_v02_associative_recall_confirm1,associative_recall,B_JOINT8_P_STORE,early,0.000403153126303392,0.19996395064648245,1.0869456064737282,-0.0012397259367389335,0.0078535750406677,0.0018879125859334297,0.002018610936602722,496,496,0
rtpa_v02_associative_recall_confirm1,associative_recall,B_JOINT8_P_STORE,late,0.00032596488497382695,0.1668940211065994,0.6366203187478227,-0.00043948695207995936,0.003956208427504326,0.001904868230398535,0.002437526932219956,512,511,0
rtpa_v02_associative_recall_confirm1,associative_recall,B_U8_P_PRE,primary,0.00045636202505420007,0.4600129212546337,0.8587844128532637,-0.00047823420556647456,0.016829963373121218,0.0019128126461503997,0.0027194658355090932,1008,1007,0
rtpa_v02_associative_recall_confirm1,associative_recall,B_U8_P_PRE,early,0.0004971834545110264,0.24660299343746908,1.0886419723826752,0.00045663997220812824,0.006795847837258114,0.001916867745011433,0.002842380707941972,496,496,0
rtpa_v02_associative_recall_confirm1,associative_recall,B_U8_P_PRE,late,0.00041681626526789963,0.2134099278171646,0.635674139807103,-0.001385665892799648,0.016829963373121218,0.0018992824631488081,0.002628837911408866,512,511,0
rtpa_v02_associative_recall_confirm1,associative_recall,B_DAMP8_P_PRE,primary,0.00038299848276037216,0.38606247062245513,0.8596552487587181,0.00039260169988797333,0.009398702558666398,0.0018964704970650087,0.002415225825382894,1008,1007,0
rtpa_v02_associative_recall_confirm1,associative_recall,B_DAMP8_P_PRE,early,0.0004194752031330142,0.20805970075397504,1.0875094415372646,-0.0006758908732025226,0.003048536758114658,0.0018867784555201994,0.002223713887926543,496,496,0
rtpa_v02_associative_recall_confirm1,associative_recall,B_DAMP8_P_PRE,late,0.0003476616598993752,0.1780027698684801,0.6384895352202463,0.0014297295203437033,0.009398702558666398,0.0018997234977071514,0.0024900074171071394,512,511,0
rtpa_v02_associative_recall_confirm1,associative_recall,B_DIAG8_P_PRE,primary,0.00037671272321143363,0.3797264249971251,0.8588850639160405,-0.00037758314278968363,0.0060310761981989605,0.001903389495718538,0.0029266162293435194,1008,1007,0
rtpa_v02_associative_recall_confirm1,associative_recall,B_DIAG8_P_PRE,early,0.00039050276436481714,0.1936893711249493,1.087622748471361,-0.0005625839391061316,0.0060310761981989605,0.001888683219008772,0.002099719675318391,496,496,0
rtpa_v02_associative_recall_confirm1,associative_recall,B_DIAG8_P_PRE,late,0.00036335362084409344,0.18603705387217584,0.6368617928016787,-0.00019801289822396484,0.005561887390791387,0.0019274159510977553,0.0037538962928810133,512,511,0
rtpa_v02_associative_recall_confirm1,associative_recall,B_JOINT8_P_PRE,primary,0.00035712584062753266,0.3599828473525529,0.8595836672036649,0.000321020144834705,0.005772530083847179,0.0018790118744235185,0.00212306563414134,1008,1007,0
rtpa_v02_associative_recall_confirm1,associative_recall,B_JOINT8_P_PRE,early,0.0004088679999596872,0.20279852798000486,1.088202976371609,1.7643961141899922e-05,0.005772530083847179,0.001877986863621575,0.002177358531627576,496,496,0
rtpa_v02_associative_recall_confirm1,associative_recall,B_JOINT8_P_PRE,late,0.00030700062377450794,0.1571843193725481,0.637675296661003,0.0006154909611003623,0.0043476522139484705,0.0018788180001771152,0.002088316968618751,512,511,0
rtpa_v02_associative_recall_confirm2,associative_recall,NATIVE_REFERENCE,primary,0.0,0.0,0.8522925672938846,0.0,0.0,0.0,0.0,1008,1007,0
rtpa_v02_associative_recall_confirm2,associative_recall,NATIVE_REFERENCE,early,0.0,0.0,1.1135791114436626,0.0,0.0,0.0,0.0,496,496,0
rtpa_v02_associative_recall_confirm2,associative_recall,NATIVE_REFERENCE,late,0.0,0.0,0.598675882561419,0.0,0.0,0.0,0.0,512,511,0
rtpa_v02_associative_recall_confirm2,associative_recall,B_U8_P_STORE,primary,0.0004940744716942987,0.49802706746785314,0.8527679365246025,0.0004753692307178925,0.011378529655669671,0.0020851917476268343,0.004698751491071313,1008,1007,0
rtpa_v02_associative_recall_confirm2,associative_recall,B_U8_P_STORE,early,0.0005452708435979067,0.27045433842456174,1.1141172566624593,0.0005381452187966929,0.009500239670688304,0.002168325095691535,0.0041023716233068675,496,496,0
rtpa_v02_associative_recall_confirm2,associative_recall,B_U8_P_STORE,late,0.00044447798641267857,0.2275727290432914,0.5990903185434343,0.0004144359820152932,0.011378529655669671,0.0020206103543030937,0.004693252143842915,512,511,0
rtpa_v02_associative_recall_confirm2,associative_recall,B_DAMP8_P_STORE,primary,0.0004049264830497133,0.408165894914111,0.8529844464923353,0.0006918791984507067,0.00815496685103824,0.0019279642272319387,0.0023445274022894868,1008,1007,0
rtpa_v02_associative_recall_confirm2,associative_recall,B_DAMP8_P_STORE,early,0.00046265075828955473,0.22947477611161915,1.1135921029613323,1.2991517669647124e-05,0.00815496685103824,0.0019049453528631125,0.00242404088949646,496,496,0
rtpa_v02_associative_recall_confirm2,associative_recall,B_DAMP8_P_STORE,late,0.00034900609141111686,0.17869111880249183,0.6000267212308432,0.0013508386694242036,0.006136689908191377,0.0019399315171671522,0.0022590625376772006,512,511,0
rtpa_v02_associative_recall_confirm2,associative_recall,B_DIAG8_P_STORE,primary,0.0004308141771327402,0.4342606905498021,0.8531572548989074,0.0008646876050227847,0.006761247162971619,0.0019500581478456688,0.003343700129428521,1008,1007,0
rtpa_v02_associative_recall_confirm2,associative_recall,B_DIAG8_P_STORE,early,0.00045822795305301993,0.22728106471429788,1.1129423713531181,-0.0006367400905444853,0.005658349017275063,0.0019049618385016112,0.0026062318211403862,496,496,0
rtpa_v02_associative_recall_confirm2,associative_recall,B_DIAG8_P_STORE,late,0.0004042570817099692,0.20697962583550422,0.6009979246419828,0.0023220420805637465,0.006761247162971619,0.001953128735464542,0.0038233445753336395,512,511,0
rtpa_v02_associative_recall_confirm2,associative_recall,B_JOINT8_P_STORE,primary,0.00039401150477389417,0.3971635968120854,0.853751530085378,0.001458962791493379,0.0060477621233768035,0.0019104961869874503,0.0031956388525823556,1008,1007,0
rtpa_v02_associative_recall_confirm2,associative_recall,B_JOINT8_P_STORE,early,0.00044779444515881373,0.22210604479877163,1.1137538966783604,0.00017478523469782736,0.005178119485884432,0.0019099279398303414,0.002368375645942394,496,496,0
rtpa_v02_associative_recall_confirm2,associative_recall,B_JOINT8_P_STORE,late,0.0003419092812760034,0.17505755201331377,0.6013813268953205,0.002705444333901519,0.0060477621233768035,0.0019032514767673518,0.0034385256468193195,512,511,0
rtpa_v02_associative_recall_confirm2,associative_recall,B_U8_P_PRE,primary,0.000498065111087634,0.5020496319763351,0.852652833885395,0.0003602665915104497,0.011323211743243038,0.0019557001715804776,0.004567125853974731,1008,1007,0
rtpa_v02_associative_recall_confirm2,associative_recall,B_U8_P_PRE,early,0.000554779791247485,0.27517077645875254,1.1124662112600268,-0.0011129001836358565,0.0076732710371162065,0.0019531441308599847,0.003213831285640018,496,496,0
rtpa_v02_associative_recall_confirm2,associative_recall,B_U8_P_PRE,late,0.0004431227646827784,0.22687885551758252,0.6004660722849698,0.001790189723550828,0.011323211743243038,0.0019836379154237515,0.0051806863461267985,512,511,0
rtpa_v02_associative_recall_confirm2,associative_recall,B_DAMP8_P_PRE,primary,0.0003994089462775353,0.4026042178477556,0.8533890447247287,0.0010964774308440672,0.005585644091139348,0.0018965950008498326,0.003284990889663323,1008,1007,0
rtpa_v02_associative_recall_confirm2,associative_recall,B_DAMP8_P_PRE,early,0.00045305675737495634,0.22471615165797834,1.1130157479522507,-0.0005633634914119501,0.005585644091139348,0.0019034937211601386,0.002937335420512833,496,496,0
rtpa_v02_associative_recall_confirm2,associative_recall,B_DAMP8_P_PRE,late,0.0003474376292769086,0.17788806618977723,0.6013834775997758,0.002707595038356825,0.005545506531966407,0.001893065881885008,0.003390692799480969,512,511,0
rtpa_v02_associative_recall_confirm2,associative_recall,B_DIAG8_P_PRE,primary,0.0003474617278476058,0.35024142167038663,0.8524263066100305,0.00013373931614590884,0.00556201840714233,0.0018911274374940128,0.0019854419334322955,1008,1007,0
rtpa_v02_associative_recall_confirm2,associative_recall,B_DIAG8_P_PRE,early,0.0004080212236034619,0.20237852690731709,1.1128614360241815,-0.0007176754194810897,0.00556201840714233,0.0018975792302364355,0.0020911468864787176,496,496,0
rtpa_v02_associative_recall_confirm2,associative_recall,B_DIAG8_P_PRE,late,0.00028879471633412015,0.14786289476306952,0.5996360440084281,0.0009601614470090558,0.0029314140091728745,0.0018819175651577395,0.0019802458542955794,512,511,0
rtpa_v02_associative_recall_confirm2,associative_recall,B_JOINT8_P_PRE,primary,0.00034261238391876636,0.3453532829901165,0.8528014564567629,0.0005088891628782788,0.005481960653170734,0.0018745471857280654,0.002339924863762523,1008,1007,0
rtpa_v02_associative_recall_confirm2,associative_recall,B_JOINT8_P_PRE,early,0.0004042711320238439,0.20051848148382656,1.1135070001558025,-7.211128786011045e-05,0.005481960653170734,0.0018800880846544916,0.002025513905601631,496,496,0
rtpa_v02_associative_recall_confirm2,associative_recall,B_JOINT8_P_PRE,late,0.0002828804716919724,0.14483480150628988,0.5997487173672837,0.0010728348058647308,0.003291709145921776,0.0018654771375373734,0.002350012844044928,512,511,0
rtpa_v02_associative_recall_confirm3,associative_recall,NATIVE_REFERENCE,primary,0.0,0.0,0.8587675908547882,0.0,0.0,0.0,0.0,1008,1007,0
rtpa_v02_associative_recall_confirm3,associative_recall,NATIVE_REFERENCE,early,0.0,0.0,1.123474976153951,0.0,0.0,0.0,0.0,496,496,0
rtpa_v02_associative_recall_confirm3,associative_recall,NATIVE_REFERENCE,late,0.0,0.0,0.6018304810536436,0.0,0.0,0.0,0.0,512,511,0
rtpa_v02_associative_recall_confirm3,associative_recall,B_U8_P_STORE,primary,0.0005418091910603023,0.5461436645887847,0.8616377700716606,0.0028701792168724927,0.013237715749253864,0.0021646821359329466,0.004799410185783155,1008,1007,0
rtpa_v02_associative_recall_confirm3,associative_recall,B_U8_P_STORE,early,0.0006010181942632751,0.29810502435458447,1.1274104575584205,0.003935481404469421,0.008385746898445921,0.0022436185601864863,0.004183445953182225,496,496,0
rtpa_v02_associative_recall_confirm3,associative_recall,B_U8_P_STORE,late,0.00048445046920742225,0.24803864023420022,0.6036666291843165,0.0018361481306728988,0.013237715749253864,0.002026977042307992,0.005391313749807584,512,511,0
rtpa_v02_associative_recall_confirm3,associative_recall,B_DAMP8_P_STORE,primary,0.00041679457421551043,0.4201289308092346,0.8609275597483883,0.0021599688936001504,0.00603428645778175,0.0019028125771669002,0.0025173471186580153,1008,1007,0
rtpa_v02_associative_recall_confirm3,associative_recall,B_DAMP8_P_STORE,early,0.00046088303740133917,0.22859798655106425,1.1279815531327713,0.004506576978820176,0.0032365647112612903,0.0018693443670474695,0.00211603377976886,496,496,0
rtpa_v02_associative_recall_confirm3,associative_recall,B_DAMP8_P_STORE,late,0.00037408387550423887,0.19153094425817033,0.6017127246825293,-0.00011775637111421933,0.00603428645778175,0.0019481267981736484,0.002935202674600089,512,511,0
rtpa_v02_associative_recall_confirm3,associative_recall,B_DIAG8_P_STORE,primary,0.0003923661797773533,0.39550510921557214,0.8593862668048261,0.0006186759500379502,0.006301450462740573,0.0018913376502676111,0.0022141396564531023,1008,1007,0
rtpa_v02_associative_recall_confirm3,associative_recall,B_DIAG8_P_STORE,early,0.00044620335456387587,0.22131686386368243,1.125500429486165,0.0020254533322139334,0.006301450462740573,0.001913726925839289,0.0022010287413940684,496,496,0
rtpa_v02_associative_recall_confirm3,associative_recall,B_DIAG8_P_STORE,late,0.0003402114167029096,0.1741882453518897,0.601083674456599,-0.0007468065970445137,0.005146305798788275,0.0018837975496643023,0.002190317636433494,512,511,0
rtpa_v02_associative_recall_confirm3,associative_recall,B_JOINT8_P_STORE,primary,0.000403028295704937,0.4062525220705765,0.8601330968492206,0.0013655059944324144,0.005928563707319805,0.001911364258560058,0.00270810105557654,1008,1007,0
rtpa_v02_associative_recall_confirm3,associative_recall,B_JOINT8_P_STORE,early,0.00045225965679478115,0.22432078977021147,1.1253352798007905,0.001860303646839423,0.0031709948747008876,0.0019403795413936995,0.0026946467565338,496,496,0
rtpa_v02_associative_recall_confirm3,associative_recall,B_JOINT8_P_STORE,late,0.0003553354146491505,0.18193173230036505,0.602715713788597,0.000885232734953445,0.005928563707319805,0.0018964506399365125,0.003109898930707517,512,511,0
rtpa_v02_associative_recall_confirm3,associative_recall,B_U8_P_PRE,primary,0.0004969914838590804,0.5009674157299531,0.8587643817650553,-3.20908973283629e-06,0.007762250301814743,0.001974232047012397,0.003968892940332722,1008,1007,0
rtpa_v02_associative_recall_confirm3,associative_recall,B_U8_P_PRE,early,0.0005903030409246368,0.29279030829861985,1.1234157492882602,-5.922686569093116e-05,0.007762250301814743,0.002139148535325222,0.004653750723375783,496,496,0
rtpa_v02_associative_recall_confirm3,associative_recall,B_U8_P_PRE,late,0.0004065959129518226,0.20817710743133316,0.6018816453824535,5.116432880991617e-05,0.005418923714472702,0.001953932713091926,0.003432100643660935,512,511,0
rtpa_v02_associative_recall_confirm3,associative_recall,B_DAMP8_P_PRE,primary,0.0004151353600553617,0.4184564429358046,0.8592037670409122,0.00043617618612401543,0.0060170798258769136,0.0019120087961455245,0.0026619670768684408,1008,1007,0
rtpa_v02_associative_recall_confirm3,associative_recall,B_DAMP8_P_PRE,early,0.00043896824142769443,0.21772824774813646,1.1255980461139583,0.002123069960007218,0.0059131024241127345,0.0018861987911732488,0.0019814546244221526,496,496,0
rtpa_v02_associative_recall_confirm3,associative_recall,B_DAMP8_P_PRE,late,0.0003920472562259143,0.20072819518766813,0.6006292808956462,-0.0012012001579974063,0.0060170798258769136,0.0019486941591295964,0.003709224791396603,512,511,0
rtpa_v02_associative_recall_confirm3,associative_recall,B_DIAG8_P_PRE,primary,0.00039401358192720366,0.39716569058262124,0.8601259782506429,0.0013583873958546988,0.004820638580474303,0.0018911520400536252,0.002390754289690356,1008,1007,0
rtpa_v02_associative_recall_confirm3,associative_recall,B_DIAG8_P_PRE,early,0.0004649702560232425,0.23062524698752826,1.1264433359599055,0.002968359805954446,0.004820638580474303,0.001894597789786441,0.0024569203101260134,496,496,0
rtpa_v02_associative_recall_confirm3,associative_recall,B_DIAG8_P_PRE,late,0.00032527430389666604,0.166540443595093,0.6016261555034917,-0.0002043255501518182,0.004133203574016149,0.0018769850573097289,0.001987490288781361,512,511,0
rtpa_v02_associative_recall_confirm3,associative_recall,B_JOINT8_P_PRE,primary,0.0004132235906133354,0.41652937933824213,0.8591322641093375,0.0003646732545493636,0.007765109600686751,0.0019142280383907075,0.0025469230048717245,1008,1007,0
rtpa_v02_associative_recall_confirm3,associative_recall,B_JOINT8_P_PRE,early,0.0004801332536546002,0.2381460938126817,1.1243846181141717,0.0009096419602205863,0.007765109600686751,0.0019337416828785195,0.0025751808496538076,496,496,0
rtpa_v02_associative_recall_confirm3,associative_recall,B_JOINT8_P_PRE,late,0.00034840485454211016,0.1783832855255604,0.6016661827269545,-0.00016429832668907185,0.00451066719116016,0.0019031954974302737,0.002435230520942517,512,511,0
