sequence_id,domain,method,window,n_KL,n_NLL,mean_KL,sum_KL,mean_NLL,delta_NLL_vs_native,max_token_KL,p95_token_KL,p99_token_KL,min_token_KL,nonfinite
rtpa_v02_natural_language_confirm0,natural_language,NATIVE_REFERENCE,primary,1008,1007,0.0,0.0,1.5258656775938997,0.0,0.0,0.0,0.0,0.0,0
rtpa_v02_natural_language_confirm0,natural_language,NATIVE_REFERENCE,early,496,496,0.0,0.0,1.924105405792036,0.0,0.0,0.0,0.0,0.0,0
rtpa_v02_natural_language_confirm0,natural_language,NATIVE_REFERENCE,late,512,511,0.0,0.0,1.139315960986707,0.0,0.0,0.0,0.0,0.0,0
rtpa_v02_natural_language_confirm0,natural_language,Q8_TARGET3,primary,1008,1007,0.014519229256293722,14.635383090344071,1.5497167943291104,0.023851116735210676,0.77327836493213,0.04851847667215297,0.15877138750847491,5.35441779802007e-07,0
rtpa_v02_natural_language_confirm0,natural_language,Q8_TARGET3,early,496,496,0.014174695696953028,7.030649065688702,1.9525366876120598,0.028431281820023857,0.77327836493213,0.04508954339802239,0.1046629727428551,5.439379500141669e-07,0
rtpa_v02_natural_language_confirm0,natural_language,Q8_TARGET3,late,512,511,0.014852996141905021,7.60473402465537,1.158721359753097,0.019405398766390025,0.6587722066309792,0.055169775967093285,0.19027874000511136,5.35441779802007e-07,0
rtpa_v02_natural_language_confirm0,natural_language,FP16_TARGET3,primary,1008,1007,0.0008064678650730901,0.8129196079936749,1.5233877743151725,-0.0024779032787272115,0.01665833440241689,0.00285290850153127,0.005826411140799817,2.4568835568116613e-09,0
rtpa_v02_natural_language_confirm0,natural_language,FP16_TARGET3,early,496,496,0.0008803198784465198,0.4366386597094738,1.918558498198308,-0.005546907593728001,0.01665833440241689,0.0028156623960639586,0.006128506196636729,1.461804410128494e-08,0
rtpa_v02_natural_language_confirm0,natural_language,FP16_TARGET3,late,512,511,0.0007349237271175803,0.3762809482842011,1.1398169738336945,0.0005010128469875585,0.00994470628058199,0.002986875562274979,0.0044925463726207876,2.4568835568116613e-09,0
rtpa_v02_natural_language_confirm0,natural_language,ENERGY_TARGET3,primary,1008,1007,0.009557411271209236,9.63387056137891,1.5361961098997334,0.010330432305833748,0.3934772674822644,0.034560037912999976,0.0998366712654232,1.4271558542733508e-07,0
rtpa_v02_natural_language_confirm0,natural_language,ENERGY_TARGET3,early,496,496,0.008689599974294644,4.310041587250144,1.9276749078573647,0.0035695020653288,0.31113537585113293,0.025210770943505163,0.06530805271712453,1.633325870434794e-07,0
rtpa_v02_natural_language_confirm0,natural_language,ENERGY_TARGET3,late,512,511,0.010398103465095246,5.323828974128766,1.156208861784303,0.016892900797595978,0.3934772674822644,0.04058443061668035,0.1201585194812475,1.4271558542733508e-07,0
rtpa_v02_natural_language_confirm0,natural_language,DIAG_TARGET3,primary,1008,1007,0.00792867450944405,7.992103905519602,1.5275154941797888,0.0016498165858891412,0.36361987545548236,0.025507712310734097,0.08290442001615686,9.496617231570573e-08,0
rtpa_v02_natural_language_confirm0,natural_language,DIAG_TARGET3,early,496,496,0.007044194903863339,3.4939206723162157,1.9264535300622874,0.0023481242702514393,0.36361987545548236,0.023034776947766053,0.05035154288634793,9.496617231570573e-08,0
rtpa_v02_natural_language_confirm0,natural_language,DIAG_TARGET3,late,512,511,0.008785514127350362,4.4981832332033855,1.1402879681568552,0.0009720071701482258,0.31146824801374196,0.028909812066828744,0.1026699863082891,2.003059401645298e-07,0
rtpa_v02_natural_language_confirm0,natural_language,JOINT_TARGET3,primary,1008,1007,0.006826393029959004,6.881004174198675,1.5273756834017433,0.0015100058078436618,0.18769568143719492,0.025990111659189925,0.05829722179538462,6.817899413291835e-08,0
rtpa_v02_natural_language_confirm0,natural_language,JOINT_TARGET3,early,496,496,0.006482483586776221,3.2153118590410052,1.9189978381873225,-0.0051075676047134255,0.17734139548253694,0.023355628120778796,0.052413261300669395,6.817899413291835e-08,0
rtpa_v02_natural_language_confirm0,natural_language,JOINT_TARGET3,late,512,511,0.007159555303042324,3.6656923151576697,1.1472492865844295,0.00793332559772253,0.18769568143719492,0.027341898307837606,0.07754768890411502,8.807836607723321e-08,0
rtpa_v02_natural_language_confirm1,natural_language,NATIVE_REFERENCE,primary,1008,1007,0.0,0.0,1.9614119370548586,0.0,0.0,0.0,0.0,0.0,0
rtpa_v02_natural_language_confirm1,natural_language,NATIVE_REFERENCE,early,496,496,0.0,0.0,2.5282585894467133,0.0,0.0,0.0,0.0,0.0,0
rtpa_v02_natural_language_confirm1,natural_language,NATIVE_REFERENCE,late,512,511,0.0,0.0,1.4112046188819427,0.0,0.0,0.0,0.0,0.0,0
rtpa_v02_natural_language_confirm1,natural_language,Q8_TARGET3,primary,1008,1007,0.011587718497568058,11.680420245548603,1.9638263230700819,0.0024143860152232577,0.15802406756184048,0.03990176537295192,0.07896071656505796,5.620082038891632e-07,0
rtpa_v02_natural_language_confirm1,natural_language,Q8_TARGET3,early,496,496,0.01255104288995105,6.225317273415721,2.538005449852068,0.009746860405354774,0.15619173986777168,0.04122224902766963,0.07538324898847731,5.620082038891632e-07,0
rtpa_v02_natural_language_confirm1,natural_language,Q8_TARGET3,late,512,511,0.010654497992447037,5.455102972132882,1.4065017694813047,-0.004702849400638032,0.15802406756184048,0.03661752395934675,0.08432802690512443,9.354736825637722e-07,0
rtpa_v02_natural_language_confirm1,natural_language,FP16_TARGET3,primary,1008,1007,0.0007933763787950557,0.799723389825416,1.959429722527834,-0.0019822145270245173,0.010363549856660827,0.002252506522604267,0.0043997215689011325,8.542128332563173e-08,0
rtpa_v02_natural_language_confirm1,natural_language,FP16_TARGET3,early,496,496,0.0008835281284326168,0.43822995170257795,2.5247329240918104,-0.0035256653549029515,0.010363549856660827,0.0022031331534429714,0.0039044075808350384,4.278662312276712e-07,0
rtpa_v02_natural_language_confirm1,natural_language,FP16_TARGET3,late,512,511,0.0007060418713336682,0.36149343812283813,1.4107205484070273,-0.0004840704749153879,0.006835318832469549,0.0023250333825414297,0.004554481013719953,8.542128332563173e-08,0
rtpa_v02_natural_language_confirm1,natural_language,ENERGY_TARGET3,primary,1008,1007,0.00920220124962598,9.275818859622985,1.9645276222704833,0.003115685215624664,0.13459088405643033,0.03219582951861273,0.06170718789364835,4.859296610317881e-07,0
rtpa_v02_natural_language_confirm1,natural_language,ENERGY_TARGET3,early,496,496,0.008992333267134198,4.460197300498563,2.5364354136385723,0.008176824191858945,0.1302234787577686,0.02827984096855594,0.05423008690217987,4.859296610317881e-07,0
rtpa_v02_natural_language_confirm1,natural_language,ENERGY_TARGET3,late,512,511,0.00940551085766489,4.815621559124423,1.4094077308447062,-0.0017968880372365437,0.13459088405643033,0.038123535456903244,0.06848445043022733,6.283747119053567e-07,0
rtpa_v02_natural_language_confirm1,natural_language,DIAG_TARGET3,primary,1008,1007,0.007279319694379605,7.337554251934642,1.9653678790828304,0.003955942027971782,0.17950872200795318,0.025652632671515397,0.06411316155666281,1.8611059078654663e-07,0
rtpa_v02_natural_language_confirm1,natural_language,DIAG_TARGET3,early,496,496,0.007124317574438832,3.533661516921661,2.527053410653879,-0.0012051787928344382,0.10429288360067387,0.023177558120288547,0.04933666429185244,1.8611059078654663e-07,0
rtpa_v02_natural_language_confirm1,natural_language,DIAG_TARGET3,late,512,511,0.0074294779980722285,3.803892735012981,1.4201701811195424,0.0089655622375997,0.17950872200795318,0.0275672280331737,0.06448172279342831,7.547674966264675e-07,0
rtpa_v02_natural_language_confirm1,natural_language,JOINT_TARGET3,primary,1008,1007,0.006853243735849921,6.908069685736721,1.9637134847728062,0.0023015477179475496,0.155402873086736,0.023313386296754387,0.05023775173311133,6.631646312565038e-08,0
rtpa_v02_natural_language_confirm1,natural_language,JOINT_TARGET3,early,496,496,0.006018127182668013,2.9849910826033352,2.5279506837192858,-0.00030790572742755984,0.06436832549766494,0.019200723139562833,0.031577097106653865,6.631646312565038e-08,0
rtpa_v02_natural_language_confirm1,natural_language,JOINT_TARGET3,late,512,511,0.007662262896744894,3.9230786031333857,1.4160390216075343,0.004834402725591547,0.155402873086736,0.02916447878730922,0.07613761424592082,6.6803210881394e-07,0
rtpa_v02_natural_language_confirm2,natural_language,NATIVE_REFERENCE,primary,1008,1007,0.0,0.0,1.4628176239243829,0.0,0.0,0.0,0.0,0.0,0
rtpa_v02_natural_language_confirm2,natural_language,NATIVE_REFERENCE,early,496,496,0.0,0.0,1.765680962416305,0.0,0.0,0.0,0.0,0.0,0
rtpa_v02_natural_language_confirm2,natural_language,NATIVE_REFERENCE,late,512,511,0.0,0.0,1.1688445986954332,0.0,0.0,0.0,0.0,0.0,0
rtpa_v02_natural_language_confirm2,natural_language,Q8_TARGET3,primary,1008,1007,0.013317252657446014,13.423790678705583,1.4616147002109556,-0.0012029237134272286,0.7757850723273167,0.0611709914122237,0.13170909587921228,2.555410185308284e-07,0
rtpa_v02_natural_language_confirm2,natural_language,Q8_TARGET3,early,496,496,0.01667728497740564,8.271933348793198,1.7609762700414342,-0.004704692374870811,0.7757850723273167,0.06963523172492718,0.1388779035666931,3.1895674845346897e-06,0
rtpa_v02_natural_language_confirm2,natural_language,Q8_TARGET3,late,512,511,0.010062221347485125,5.151857329912385,1.1710406519997671,0.0021960533043339225,0.3801571121641067,0.049125264913252004,0.10320242262699458,2.555410185308284e-07,0
rtpa_v02_natural_language_confirm2,natural_language,FP16_TARGET3,primary,1008,1007,0.0013686825011421553,1.3796319611512926,1.4631350184354448,0.0003173945110619414,0.3204417314539486,0.00273046566694212,0.011352423218786812,2.2624327998692042e-09,0
rtpa_v02_natural_language_confirm2,natural_language,FP16_TARGET3,early,496,496,0.0010520350743617062,0.5218093968834063,1.7661071871667509,0.0004262247504458472,0.05181458901074471,0.0028452609872588485,0.006943574888295069,1.350425550057532e-08,0
rtpa_v02_natural_language_confirm2,natural_language,FP16_TARGET3,late,512,511,0.0016754346958357158,0.8578225642678863,1.1690563575925332,0.00021175889710001172,0.3204417314539486,0.002201317651828712,0.0227767129026955,2.2624327998692042e-09,0
rtpa_v02_natural_language_confirm2,natural_language,ENERGY_TARGET3,primary,1008,1007,0.009627478807518011,9.704498637978157,1.4635521119686383,0.0007344880442554658,0.3539934072221468,0.042404673025166595,0.12222431185792834,1.711540376949975e-07,0
rtpa_v02_natural_language_confirm2,natural_language,ENERGY_TARGET3,early,496,496,0.01222727677490573,6.064729280353243,1.763934965361002,-0.0017459970553030946,0.3539934072221468,0.053681838806823284,0.12292407407930607,3.327527291001449e-06,0
rtpa_v02_natural_language_confirm2,natural_language,ENERGY_TARGET3,late,512,511,0.00710892452661116,3.6397693576249135,1.1719867591650912,0.003142160469657984,0.1892145815623033,0.02663975090125756,0.10109254963244732,1.711540376949975e-07,0
rtpa_v02_natural_language_confirm2,natural_language,DIAG_TARGET3,primary,1008,1007,0.008388535543450055,8.455643827797656,1.464901583152254,0.0020839592278711905,0.581522400928179,0.02597413408306276,0.10532615518013595,3.698034474674808e-08,0
rtpa_v02_natural_language_confirm2,natural_language,DIAG_TARGET3,early,496,496,0.0054793507730701504,2.7177579834427945,1.7644008386673695,-0.001280123748935491,0.09942242976490938,0.019903804899638004,0.04534623591049842,1.1364808672645155e-06,0
rtpa_v02_natural_language_confirm2,natural_language,DIAG_TARGET3,late,512,511,0.011206808289755588,5.737885844354861,1.1741938909105767,0.005349292215143464,0.581522400928179,0.03707397012363229,0.20821640205965672,3.698034474674808e-08,0
rtpa_v02_natural_language_confirm2,natural_language,JOINT_TARGET3,primary,1008,1007,0.006663215708287103,6.7165214339534,1.4608601380409802,-0.00195748588340261,0.36310855415552173,0.021264867213062612,0.08311678370287208,6.025430274198656e-08,0
rtpa_v02_natural_language_confirm2,natural_language,JOINT_TARGET3,early,496,496,0.005974119607233808,2.9631633251879683,1.762156454405596,-0.0035245080107089155,0.24189161937858375,0.020122802057635062,0.056204220016622404,1.254680612835403e-06,0
rtpa_v02_natural_language_confirm2,natural_language,JOINT_TARGET3,late,512,511,0.007330777556182483,3.7533581087654317,1.1684081362467542,-0.0004364624486790092,0.36310855415552173,0.02496494144077712,0.11132119697003048,6.025430274198656e-08,0
rtpa_v02_natural_language_confirm3,natural_language,NATIVE_REFERENCE,primary,1008,1007,0.0,0.0,1.8927783446957251,0.0,0.0,0.0,0.0,0.0,0
rtpa_v02_natural_language_confirm3,natural_language,NATIVE_REFERENCE,early,496,496,0.0,0.0,1.3815621451953424,0.0,0.0,0.0,0.0,0.0,0
rtpa_v02_natural_language_confirm3,natural_language,NATIVE_REFERENCE,late,512,511,0.0,0.0,2.388988197831126,0.0,0.0,0.0,0.0,0.0,0
rtpa_v02_natural_language_confirm3,natural_language,Q8_TARGET3,primary,1008,1007,0.013005837474654941,13.109884174452182,1.9016913056916431,0.008912960995917985,0.37818909883759877,0.05086718125573008,0.12723565641023646,2.1713548857069432e-06,0
rtpa_v02_natural_language_confirm3,natural_language,Q8_TARGET3,early,496,496,0.008088433830867594,4.011863180110326,1.3965399447878881,0.014977799592545749,0.37818909883759877,0.030571875740654682,0.11346914539109726,2.1713548857069432e-06,0
rtpa_v02_natural_language_confirm3,natural_language,Q8_TARGET3,late,512,511,0.017769572254573936,9.098020994341855,2.3920143487606498,0.003026150929523741,0.2885346485531016,0.060014042962152604,0.15425720476348145,1.0393066390392218e-05,0
rtpa_v02_natural_language_confirm3,natural_language,FP16_TARGET3,primary,1008,1007,0.0009910193347243538,0.9989474894021486,1.892565652629604,-0.00021269206612117841,0.059722222110332734,0.002129832945614895,0.006248811558461006,1.2610489405880658e-08,0
rtpa_v02_natural_language_confirm3,natural_language,FP16_TARGET3,early,496,496,0.0010804787076648893,0.535917439001785,1.3817858067002293,0.0002236615048869517,0.059722222110332734,0.0019627880905164824,0.01475006450385505,1.2610489405880658e-08,0
rtpa_v02_natural_language_confirm3,natural_language,FP16_TARGET3,late,512,511,0.00090435556718821,0.46303005040036355,2.3883519610072357,-0.0006362368238903571,0.017667548698348537,0.0023210048677337653,0.005361061975498706,8.310379875500846e-08,0
rtpa_v02_natural_language_confirm3,natural_language,ENERGY_TARGET3,primary,1008,1007,0.009963549845010591,10.043258243770675,1.899655674059454,0.006877329363728757,0.5796199579709878,0.038314279669964896,0.10648904285709855,1.7714207284060196e-06,0
rtpa_v02_natural_language_confirm3,natural_language,ENERGY_TARGET3,early,496,496,0.005259359785973503,2.6086424538428576,1.3897891707457743,0.008227025550431977,0.2559530271119664,0.016750080024500836,0.08152668181938615,1.7714207284060196e-06,0
rtpa_v02_natural_language_confirm3,natural_language,ENERGY_TARGET3,late,512,511,0.014520733964702767,7.4346157899278165,2.394555450269992,0.005567252438865911,0.5796199579709878,0.05208586033143735,0.13645672081475976,2.7669535385784843e-06,0
rtpa_v02_natural_language_confirm3,natural_language,DIAG_TARGET3,primary,1008,1007,0.006279360071434057,6.32959495200553,1.8982511896833387,0.005472844987613579,0.1640507382583672,0.022831928381318506,0.0733550207623178,3.7079677847674304e-07,0
rtpa_v02_natural_language_confirm3,natural_language,DIAG_TARGET3,early,496,496,0.003076073808001224,1.5257326087686074,1.380105237789523,-0.0014569074058192744,0.10008906124875121,0.011638075720804402,0.02497248110270693,3.7079677847674304e-07,0
rtpa_v02_natural_language_confirm3,natural_language,DIAG_TARGET3,late,512,511,0.009382543639134613,4.803862343236922,2.4011873778229327,0.012199179991806641,0.1640507382583672,0.032014473332571035,0.08191781884991327,2.496567294961839e-06,0
rtpa_v02_natural_language_confirm3,natural_language,JOINT_TARGET3,primary,1008,1007,0.0048948326276865755,4.933991288708068,1.8945467024226037,0.0017683577268785555,0.11474498691765107,0.017172601277922944,0.04904201307014292,5.556679863647351e-08,0
rtpa_v02_natural_language_confirm3,natural_language,JOINT_TARGET3,early,496,496,0.0027207190747975266,1.3494766610995734,1.3830021108551753,0.0014399656598329535,0.10319334698358099,0.009309959297415304,0.01885650770944741,5.556679863647351e-08,0
rtpa_v02_natural_language_confirm3,natural_language,JOINT_TARGET3,late,512,511,0.007001005132047841,3.584514627608495,2.3910753079361937,0.00208711010506768,0.11474498691765107,0.02076490942750775,0.06973051251663863,2.492702485393834e-06,0
rtpa_v02_code_confirm0,code,NATIVE_REFERENCE,primary,1008,1007,0.0,0.0,1.145673415011286,0.0,0.0,0.0,0.0,0.0,0
rtpa_v02_code_confirm0,code,NATIVE_REFERENCE,early,496,496,0.0,0.0,1.3059014543273642,0.0,0.0,0.0,0.0,0.0,0
rtpa_v02_code_confirm0,code,NATIVE_REFERENCE,late,512,511,0.0,0.0,0.9901487427984195,0.0,0.0,0.0,0.0,0.0,0
rtpa_v02_code_confirm0,code,Q8_TARGET3,primary,1008,1007,0.010303377495361433,10.385804515324324,1.1591790090772263,0.013505594065940318,0.4630559359278108,0.03446320279486347,0.10787500203770613,1.4195802032198358e-06,0
rtpa_v02_code_confirm0,code,Q8_TARGET3,early,496,496,0.009202846826423545,4.5646120259060785,1.3121226498828247,0.006221195555460524,0.38971059793238966,0.031071471174223687,0.07932579496722356,6.663952986010833e-06,0
rtpa_v02_code_confirm0,code,Q8_TARGET3,late,512,511,0.011369516580895012,5.821192489418245,1.0107249076299136,0.02057616483149416,0.4630559359278108,0.03611352067864257,0.11874994945377802,1.4195802032198358e-06,0
rtpa_v02_code_confirm0,code,FP16_TARGET3,primary,1008,1007,0.000757169820293196,0.7632271788555417,1.1460093748879814,0.00033595987669543526,0.0669049701157127,0.002340976517918751,0.004579837461652406,1.7695217088991737e-08,0
rtpa_v02_code_confirm0,code,FP16_TARGET3,early,496,496,0.0007342558847031587,0.3641909188127667,1.3036038714362652,-0.002297582891098937,0.008256193607840773,0.002456565657512389,0.004367209290877052,2.5075126389442944e-08,0
rtpa_v02_code_confirm0,code,FP16_TARGET3,late,512,511,0.0007793676953960449,0.399036260042775,0.9930409398822109,0.0028921970837914035,0.0669049701157127,0.002220838073483877,0.004697847070886678,1.7695217088991737e-08,0
rtpa_v02_code_confirm0,code,ENERGY_TARGET3,primary,1008,1007,0.0067139396683477005,6.767651185694482,1.1557553544902193,0.010081939478933322,0.2373755729324138,0.02206531180404749,0.07951143343974765,3.72024524684925e-07,0
rtpa_v02_code_confirm0,code,ENERGY_TARGET3,early,496,496,0.006760575612634844,3.3532455038668822,1.3093854945645433,0.0034840402371791868,0.2373755729324138,0.019807483028071844,0.06212040426570338,4.301158357061498e-06,0
rtpa_v02_code_confirm0,code,ENERGY_TARGET3,late,512,511,0.006668761097319531,3.4144056818275996,1.00663490541612,0.01648616261770064,0.12160721844230328,0.024684342069722084,0.08168748395516456,3.72024524684925e-07,0
rtpa_v02_code_confirm0,code,DIAG_TARGET3,primary,1008,1007,0.005597385601107462,5.642164685916321,1.1500528312640397,0.004379416252753732,0.20419602772678705,0.020845997478608005,0.048785001000414344,1.4231292128616888e-07,0
rtpa_v02_code_confirm0,code,DIAG_TARGET3,early,496,496,0.005522315280214464,2.739068378986374,1.3010936142696765,-0.00480784005768764,0.1535984751976507,0.019705262754526824,0.05427981244481495,3.5739649798598887e-07,0
rtpa_v02_code_confirm0,code,DIAG_TARGET3,late,512,511,0.005670109974472553,2.903096306929948,1.003445730734107,0.013296987935687454,0.20419602772678705,0.021276164902429406,0.04799983827465317,1.4231292128616888e-07,0
rtpa_v02_code_confirm0,code,JOINT_TARGET3,primary,1008,1007,0.0051662363184861015,5.20756620903399,1.1510800085187411,0.005406593507455204,0.7825053241718161,0.01679370647665814,0.03489271789009923,5.522656113499721e-07,0
rtpa_v02_code_confirm0,code,JOINT_TARGET3,early,496,496,0.004519442016216561,2.2416432400434148,1.306345435389444,0.00044398106207976795,0.19051299499691238,0.015879138165361024,0.029572769810003785,8.480441382707126e-07,0
rtpa_v02_code_confirm0,code,JOINT_TARGET3,late,512,511,0.005792818298809717,2.9659229689905753,1.0003722751961022,0.0102235323976827,0.7825053241718161,0.018383894369846124,0.03955050032575275,5.522656113499721e-07,0
rtpa_v02_code_confirm1,code,NATIVE_REFERENCE,primary,1008,1007,0.0,0.0,1.4170182806709368,0.0,0.0,0.0,0.0,0.0,0
rtpa_v02_code_confirm1,code,NATIVE_REFERENCE,early,496,496,0.0,0.0,1.8366842021946708,0.0,0.0,0.0,0.0,0.0,0
rtpa_v02_code_confirm1,code,NATIVE_REFERENCE,late,512,511,0.0,0.0,1.009671319661598,0.0,0.0,0.0,0.0,0.0,0
rtpa_v02_code_confirm1,code,Q8_TARGET3,primary,1008,1007,0.010931036011961015,11.018484300056704,1.4273963875572186,0.010378106886281824,0.37073890481335164,0.036510970603236645,0.08861111680226025,1.1157798850159926e-07,0
rtpa_v02_code_confirm1,code,Q8_TARGET3,early,496,496,0.013785475163147636,6.837595680921227,1.8368916012834144,0.00020739908874367607,0.37073890481335164,0.04025530962281486,0.11580578216763228,3.7308577103609634e-06,0
rtpa_v02_code_confirm1,code,Q8_TARGET3,late,512,511,0.008165798084248978,4.180888619135477,1.0299215812789542,0.020250261617356102,0.18409047375579174,0.031669876146443905,0.06373419006529138,1.1157798850159926e-07,0
rtpa_v02_code_confirm1,code,FP16_TARGET3,primary,1008,1007,0.0007443707319605485,0.7503256978162329,1.4160493932838312,-0.0009688873871056547,0.007703842600271821,0.002317960419151651,0.00457297717733427,2.1910278190414878e-08,0
rtpa_v02_code_confirm1,code,FP16_TARGET3,early,496,496,0.0008646724161462266,0.42887751840852845,1.8344058373033052,-0.0022783648913655696,0.006691816110789877,0.0024859459117942836,0.004329358355900661,2.198170179212068e-07,0
rtpa_v02_code_confirm1,code,FP16_TARGET3,late,512,511,0.0006278284754056728,0.3214481794077045,1.0099734711044592,0.0003021514428611649,0.007703842600271821,0.0020900019087689353,0.004733962904115248,2.1910278190414878e-08,0
rtpa_v02_code_confirm1,code,ENERGY_TARGET3,primary,1008,1007,0.007557717378100464,7.618179117125268,1.4236467445943424,0.006628463923405548,0.26702173756221015,0.027963748360373037,0.057353253069738944,3.655103511330207e-07,0
rtpa_v02_code_confirm1,code,ENERGY_TARGET3,early,496,496,0.008785046422839901,4.357383025728591,1.8319997677431232,-0.004684434451547537,0.20770216961849855,0.031651398855572555,0.060090364017618914,3.947299301017871e-07,0
rtpa_v02_code_confirm1,code,ENERGY_TARGET3,late,512,511,0.006368742366009135,3.260796091396677,1.0272806007943516,0.017609281132753507,0.26702173756221015,0.02473600207133833,0.046014607145042304,3.655103511330207e-07,0
rtpa_v02_code_confirm1,code,DIAG_TARGET3,primary,1008,1007,0.006318332521208646,6.368879181378315,1.4211598171783253,0.004141536507388466,0.1759873621620569,0.02062060639365329,0.06940705401144523,2.600960456461048e-07,0
rtpa_v02_code_confirm1,code,DIAG_TARGET3,early,496,496,0.006812849372814052,3.37917328891577,1.8320667812046263,-0.004617420990044474,0.1759873621620569,0.01859931347293139,0.06939109381163029,4.085892824763384e-07,0
rtpa_v02_code_confirm1,code,DIAG_TARGET3,late,512,511,0.005839269321215907,2.9897058924625446,1.0223147014111134,0.012643381749515292,0.11112279212431872,0.021623236397736695,0.07162876496468801,2.600960456461048e-07,0
rtpa_v02_code_confirm1,code,JOINT_TARGET3,primary,1008,1007,0.00506606223020182,5.106590728043434,1.418166408080553,0.0011481274096161176,0.09020683914897064,0.017448175353215876,0.04281874913208698,5.914535912781335e-07,0
rtpa_v02_code_confirm1,code,JOINT_TARGET3,early,496,496,0.00550435678171837,2.7301609637323114,1.82761557812252,-0.0090686240721507,0.09020683914897064,0.0163020178461298,0.045647445804618096,7.766556422687625e-07,0
rtpa_v02_code_confirm1,code,JOINT_TARGET3,late,512,511,0.004641464383420162,2.3764297643111227,1.0207362939106592,0.011064974249061166,0.05895179837061374,0.017669300020765034,0.038543727033101334,5.914535912781335e-07,0
rtpa_v02_code_confirm2,code,NATIVE_REFERENCE,primary,1008,1007,0.0,0.0,1.1692176769907854,0.0,0.0,0.0,0.0,0.0,0
rtpa_v02_code_confirm2,code,NATIVE_REFERENCE,early,496,496,0.0,0.0,1.4670093306524652,0.0,0.0,0.0,0.0,0.0,0
rtpa_v02_code_confirm2,code,NATIVE_REFERENCE,late,512,511,0.0,0.0,0.8801674613035186,0.0,0.0,0.0,0.0,0.0,0
rtpa_v02_code_confirm2,code,Q8_TARGET3,primary,1008,1007,0.00814151924381289,8.206651397763393,1.1832643014691715,0.014046624478386116,0.5737169283083968,0.03193520754595254,0.07281769294429596,3.252666957467765e-08,0
rtpa_v02_code_confirm2,code,Q8_TARGET3,early,496,496,0.007580201767907207,3.7597800768819747,1.4757513373167805,0.00874200666431535,0.5737169283083968,0.02259922550077203,0.0736107344023643,3.252666957467765e-08,0
rtpa_v02_code_confirm2,code,Q8_TARGET3,late,512,511,0.00868529554859652,4.446871320881418,0.8993629907442904,0.01919552944077174,0.22754795594959554,0.03931392509589263,0.07017183502016124,8.648756674677803e-07,0
rtpa_v02_code_confirm2,code,FP16_TARGET3,primary,1008,1007,0.0005436249636197368,0.5479739633286946,1.1708121180536084,0.0015944410628230266,0.005675436200609966,0.0020408989256672015,0.003812038910770736,8.372179627159236e-11,0
rtpa_v02_code_confirm2,code,FP16_TARGET3,early,496,496,0.0006271275687764434,0.3110552741131159,1.4690814179002132,0.002072087247747989,0.005675436200609966,0.0022381123858721723,0.0038300275331559974,8.372179627159236e-11,0
rtpa_v02_code_confirm2,code,FP16_TARGET3,late,512,511,0.00046273181487417733,0.23691868921557876,0.8812982771066106,0.0011308158030919335,0.0044592934060191,0.001959238521529802,0.003734957382735658,2.3977492462965834e-09,0
rtpa_v02_code_confirm2,code,ENERGY_TARGET3,primary,1008,1007,0.0054007846967113245,5.443990974285014,1.1765154122543724,0.007297735263587013,0.12736064967939542,0.022252166158420277,0.04644809375867514,3.27728280536601e-08,0
rtpa_v02_code_confirm2,code,ENERGY_TARGET3,early,496,496,0.004696842975763673,2.3296341159787812,1.4704406572553361,0.003431326602870932,0.06670361376810435,0.016597692055427035,0.03278328796096204,3.27728280536601e-08,0
rtpa_v02_code_confirm2,code,ENERGY_TARGET3,late,512,511,0.0060827282388793615,3.114356858306233,0.8912181098659617,0.011050648562443088,0.12736064967939542,0.02861531422278581,0.05190607604456146,2.3602825093269755e-07,0
rtpa_v02_code_confirm2,code,DIAG_TARGET3,primary,1008,1007,0.003537684368754574,3.5659858437046106,1.170306238487362,0.0010885614965765456,0.06702630539306757,0.014295258856762602,0.029318775909852074,2.752733297477239e-08,0
rtpa_v02_code_confirm2,code,DIAG_TARGET3,early,496,496,0.0032358538484739347,1.6049835088430717,1.4680029315583314,0.0009936009058661988,0.03593884575119796,0.012584265670409173,0.01977575047092404,2.752733297477239e-08,0
rtpa_v02_code_confirm2,code,DIAG_TARGET3,late,512,511,0.0038300826852764426,1.9610023348615389,0.8813481958979278,0.0011807345944091496,0.06702630539306757,0.0164077998885402,0.03496989907614332,4.0462095127974003e-07,0
rtpa_v02_code_confirm2,code,JOINT_TARGET3,primary,1008,1007,0.003451191652013352,3.4788011852294587,1.1724718810285644,0.003254204037778985,0.07592220382061397,0.015563674957345532,0.032524662304755286,1.4817530424432043e-08,0
rtpa_v02_code_confirm2,code,JOINT_TARGET3,early,496,496,0.0031261719122703774,1.5505812684861071,1.4704653776974144,0.003456047044949173,0.04263590490521162,0.012395282168224117,0.021680658308036577,1.4817530424432043e-08,0
rtpa_v02_code_confirm2,code,JOINT_TARGET3,late,512,511,0.0037660545248893586,1.9282199167433518,0.8832257472756294,0.0030582859721107747,0.07592220382061397,0.018529283456069634,0.039965305720972115,1.1053873518008327e-07,0
rtpa_v02_code_confirm3,code,NATIVE_REFERENCE,primary,1008,1007,0.0,0.0,1.6182971219657276,0.0,0.0,0.0,0.0,0.0,0
rtpa_v02_code_confirm3,code,NATIVE_REFERENCE,early,496,496,0.0,0.0,1.661986508251706,0.0,0.0,0.0,0.0,0.0,0
rtpa_v02_code_confirm3,code,NATIVE_REFERENCE,late,512,511,0.0,0.0,1.5758902029875572,0.0,0.0,0.0,0.0,0.0,0
rtpa_v02_code_confirm3,code,Q8_TARGET3,primary,1008,1007,0.010576826619468965,10.661441232424716,1.6243018995204561,0.006004777554728502,0.19451681197933565,0.03554511085491854,0.07921318827061496,3.404239156250168e-07,0
rtpa_v02_code_confirm3,code,Q8_TARGET3,early,496,496,0.007899873488542253,3.9183372503169576,1.6718041317981196,0.009817623546413579,0.10691106387805048,0.02631212636045464,0.056095674005266015,3.404239156250168e-07,0
rtpa_v02_code_confirm3,code,Q8_TARGET3,late,512,511,0.013170124965054215,6.743103982107758,1.5781940576227633,0.002303854635206104,0.19451681197933565,0.044580474256142075,0.09122959020688894,8.0408366365664e-07,0
rtpa_v02_code_confirm3,code,FP16_TARGET3,primary,1008,1007,0.0007360741543665943,0.7419627476015271,1.6195588335568025,0.00126171159107491,0.006755608708471909,0.002119256370426101,0.004847893598966699,6.864297216451057e-09,0
rtpa_v02_code_confirm3,code,FP16_TARGET3,early,496,496,0.0006472926673851391,0.32105716302302906,1.6618684487835476,-0.00011805946815846013,0.006607851245521102,0.0020247294548217483,0.004894489449260471,6.864297216451057e-09,0
rtpa_v02_code_confirm3,code,FP16_TARGET3,late,512,511,0.000822081219879879,0.4209055845784981,1.5784911835519777,0.0026009805644204853,0.006755608708471909,0.002438539885671901,0.004730619550193118,2.2784939869758648e-08,0
rtpa_v02_code_confirm3,code,ENERGY_TARGET3,primary,1008,1007,0.007362053363456758,7.420949790364413,1.6225092511309285,0.004212129165200862,0.09294309973088116,0.0248176587613729,0.04527361990585216,1.7915746721266262e-07,0
rtpa_v02_code_confirm3,code,ENERGY_TARGET3,early,496,496,0.005862717966733924,2.907908111500026,1.6657838895060866,0.0037973812543805607,0.09294309973088116,0.020920528914716525,0.03657662405576819,4.3313724214428267e-07,0
rtpa_v02_code_confirm3,code,ENERGY_TARGET3,late,512,511,0.008814534529032006,4.513041678864387,1.5805049054673697,0.004614702479812438,0.09116210900616618,0.027790097931976232,0.05585028251998247,1.7915746721266262e-07,0
rtpa_v02_code_confirm3,code,DIAG_TARGET3,primary,1008,1007,0.005964318483497621,6.012033031365602,1.6269079713504866,0.008610849384758978,0.15014551074173374,0.020304081851717223,0.04795091348253516,2.0249140943881393e-07,0
rtpa_v02_code_confirm3,code,DIAG_TARGET3,early,496,496,0.004194867715875261,2.080654387074129,1.661358857890386,-0.0006276503613200646,0.06656893374427411,0.01440334282485484,0.036079693894983965,3.386411809202429e-07,0
rtpa_v02_code_confirm3,code,DIAG_TARGET3,late,512,511,0.007678473914631783,3.931378644291473,1.5934683632804472,0.017578160292889944,0.15014551074173374,0.025282215440110733,0.048579919184905104,2.0249140943881393e-07,0
rtpa_v02_code_confirm3,code,JOINT_TARGET3,primary,1008,1007,0.00571534292203481,5.7610656654110874,1.6250248723548284,0.006727750389100784,0.10353277825079385,0.020006224366039677,0.04729546519908383,2.818995318400229e-07,0
rtpa_v02_code_confirm3,code,JOINT_TARGET3,early,496,496,0.004153938427531937,2.0603534600558406,1.6616006626991908,-0.00038584555251519603,0.0663959641456972,0.014329257061722285,0.03900320021191899,2.818995318400229e-07,0
rtpa_v02_code_confirm3,code,JOINT_TARGET3,late,512,511,0.007227953526084467,3.7007122053552473,1.589522735347385,0.013632532359827865,0.10353277825079385,0.02600072141772017,0.054434539633088155,3.559524275047445e-07,0
rtpa_v02_associative_recall_confirm0,associative_recall,NATIVE_REFERENCE,primary,1008,1007,0.0,0.0,0.8654956530554065,0.0,0.0,0.0,0.0,0.0,0
rtpa_v02_associative_recall_confirm0,associative_recall,NATIVE_REFERENCE,early,496,496,0.0,0.0,1.0930985179478185,0.0,0.0,0.0,0.0,0.0,0
rtpa_v02_associative_recall_confirm0,associative_recall,NATIVE_REFERENCE,late,512,511,0.0,0.0,0.6445738898721652,0.0,0.0,0.0,0.0,0.0,0
rtpa_v02_associative_recall_confirm0,associative_recall,Q8_TARGET3,primary,1008,1007,0.0014807992232643194,1.4926456170504343,0.867835659112026,0.002340006056619437,0.0962776519930515,0.00790436420209329,0.020644198189138697,3.644131499936053e-07,0
rtpa_v02_associative_recall_confirm0,associative_recall,Q8_TARGET3,early,496,496,0.0022123278674766964,1.0973146222684413,1.096461828247544,0.003363310299725475,0.0962776519930515,0.010732768486170207,0.029489789214359116,4.931788058686334e-07,0
rtpa_v02_associative_recall_confirm0,associative_recall,Q8_TARGET3,late,512,511,0.0007721308491835798,0.3953309947819929,0.6459206299707011,0.001346740098535859,0.023132250071870433,0.0029651332402115507,0.010960092381663124,3.644131499936053e-07,0
rtpa_v02_associative_recall_confirm0,associative_recall,FP16_TARGET3,primary,1008,1007,0.000347863355721214,0.3506462625669837,0.8647578025305291,-0.0007378505248774037,0.004249017113359215,0.0018669363497881577,0.0021341436570506273,1.7150631057173883e-10,0
rtpa_v02_associative_recall_confirm0,associative_recall,FP16_TARGET3,early,496,496,0.0004066325540683718,0.20168974681791244,1.092230135995393,-0.0008683819524255565,0.004249017113359215,0.0018720544985673419,0.0023369082765789684,1.7150631057173883e-10,0
rtpa_v02_associative_recall_confirm0,associative_recall,FP16_TARGET3,late,512,511,0.00029093069482240486,0.1489565157490713,0.6439627391282349,-0.0006111507439303665,0.0040104094460025365,0.001856273743756821,0.0019522558610030774,3.1610448891667534e-09,0
rtpa_v02_associative_recall_confirm0,associative_recall,ENERGY_TARGET3,primary,1008,1007,0.0013604558514388571,1.371339498250368,0.8689307004427586,0.003435047387352008,0.03710936298947112,0.006930606158641629,0.022646068438619417,2.579432267076773e-07,0
rtpa_v02_associative_recall_confirm0,associative_recall,ENERGY_TARGET3,early,496,496,0.0015536810752648236,0.7706258133313526,1.0943762769077519,0.0012777589599333172,0.03710936298947112,0.008683148941047422,0.019097514331760986,5.049526393531781e-07,0
rtpa_v02_associative_recall_confirm0,associative_recall,ENERGY_TARGET3,late,512,511,0.001173268915857452,0.6007136849190154,0.6501029001949373,0.005529010322772088,0.027500822075278368,0.0028234229505603725,0.023567466448473892,2.579432267076773e-07,0
rtpa_v02_associative_recall_confirm0,associative_recall,DIAG_TARGET3,primary,1008,1007,0.001137556637123436,1.1466570902204232,0.868390611847766,0.002894958792359459,0.025903927670107844,0.0072389480259918565,0.01716631366079165,1.0190924511535846e-06,0
rtpa_v02_associative_recall_confirm0,associative_recall,DIAG_TARGET3,early,496,496,0.0014065522102442894,0.6976498962811675,1.097226142435635,0.004127624487816561,0.025903927670107844,0.007305663826254322,0.019506609934603757,1.024352676327107e-06,0
rtpa_v02_associative_recall_confirm0,associative_recall,DIAG_TARGET3,late,512,511,0.0008769671756626089,0.4490071939392558,0.6462723668935918,0.0016984770214265588,0.020351627618187075,0.0029189842488144425,0.01347537620141129,1.0190924511535846e-06,0
rtpa_v02_associative_recall_confirm0,associative_recall,JOINT_TARGET3,primary,1008,1007,0.0008735436458938688,0.8805319950610198,0.8673511956937834,0.0018555426383768392,0.01826760707497689,0.004790385812158956,0.011921459465100419,1.462587005522196e-07,0
rtpa_v02_associative_recall_confirm0,associative_recall,JOINT_TARGET3,early,496,496,0.0010815371213918235,0.5364424122103445,1.0967148079361766,0.003616289988358057,0.01826760707497689,0.005237369809923323,0.01209095039490452,1.462587005522196e-07,0
rtpa_v02_associative_recall_confirm0,associative_recall,JOINT_TARGET3,late,512,511,0.0006720499665052251,0.3440895828506752,0.644720370503515,0.00014648063134981015,0.014658862181785524,0.0020524406933857407,0.011422862950037777,2.657382932448256e-07,0
rtpa_v02_associative_recall_confirm1,associative_recall,NATIVE_REFERENCE,primary,1008,1007,0.0,0.0,0.8592626470588302,0.0,0.0,0.0,0.0,0.0,0
rtpa_v02_associative_recall_confirm1,associative_recall,NATIVE_REFERENCE,early,496,496,0.0,0.0,1.088185332410467,0.0,0.0,0.0,0.0,0.0,0
rtpa_v02_associative_recall_confirm1,associative_recall,NATIVE_REFERENCE,late,512,511,0.0,0.0,0.6370598056999026,0.0,0.0,0.0,0.0,0.0,0
rtpa_v02_associative_recall_confirm1,associative_recall,Q8_TARGET3,primary,1008,1007,0.0016182664904032414,1.6312126223264671,0.8622216335156615,0.0029589864568313473,0.051698205450383464,0.010198704929642371,0.0203029115381843,1.4908035089251967e-06,0
rtpa_v02_associative_recall_confirm1,associative_recall,Q8_TARGET3,early,496,496,0.002128405636747155,1.0556891958265886,1.093018245086718,0.004832912676250967,0.025001678711557743,0.01218540725381012,0.020433720573282924,1.4908035089251967e-06,0
rtpa_v02_associative_recall_confirm1,associative_recall,Q8_TARGET3,late,512,511,0.0011240691923825753,0.5755234264998785,0.6381998735562798,0.0011400678563772138,0.051698205450383464,0.004346512732076271,0.019113608496534783,1.5914746525058789e-06,0
rtpa_v02_associative_recall_confirm1,associative_recall,FP16_TARGET3,primary,1008,1007,0.00030710927602039834,0.30956615022856154,0.8584956387274412,-0.0007670083313889853,0.004061670987852161,0.00176031643462028,0.0019516576388794202,2.2763944403329693e-10,0
rtpa_v02_associative_recall_confirm1,associative_recall,FP16_TARGET3,early,496,496,0.00035195953358636546,0.17457192865883728,1.0868861062378574,-0.001299226172609691,0.004061670987852161,0.001797197759898125,0.002088189847416254,2.2763944403329693e-10,0
rtpa_v02_associative_recall_confirm1,associative_recall,FP16_TARGET3,late,512,511,0.00026366058900336776,0.1349942215697243,0.6368093923768218,-0.00025041332308084474,0.0038999809619797883,0.0017081340188075584,0.0019430546685195538,4.68661940775637e-10,0
rtpa_v02_associative_recall_confirm1,associative_recall,ENERGY_TARGET3,primary,1008,1007,0.0009375452651575385,0.9450456272787987,0.8598233593882062,0.0005607123293760452,0.04448621419846895,0.004363925493106006,0.008257482456393265,9.180157653996851e-08,0
rtpa_v02_associative_recall_confirm1,associative_recall,ENERGY_TARGET3,early,496,496,0.001224228064568145,0.6072171200258,1.0884104328516992,0.00022510044123214001,0.04448621419846895,0.0052162607610053155,0.009695726627072394,9.180157653996851e-08,0
rtpa_v02_associative_recall_confirm1,associative_recall,ENERGY_TARGET3,late,512,511,0.0006598213032285132,0.33782850725299873,0.63794627829644,0.0008864725965374021,0.03858490723430393,0.0026747960492647604,0.007492078385216018,1.7262910808182632e-07,0
rtpa_v02_associative_recall_confirm1,associative_recall,DIAG_TARGET3,primary,1008,1007,0.0009340463513639479,0.9415187221748595,0.8600038079276308,0.0007411608688006055,0.03931584667978251,0.003930402069186311,0.011813940955030666,2.8333704157413694e-07,0
rtpa_v02_associative_recall_confirm1,associative_recall,DIAG_TARGET3,early,496,496,0.0009645476463719622,0.47841563260049325,1.088447387101466,0.0002620546909988253,0.0362900358846238,0.0040265289246780534,0.007082684679885111,2.8333704157413694e-07,0
rtpa_v02_associative_recall_confirm1,associative_recall,DIAG_TARGET3,late,512,511,0.0009044982218249342,0.4631030895743663,0.638266008964378,0.0012062032644754028,0.03931584667978251,0.0025463179347889613,0.015270360950748893,6.384001004360494e-07,0
rtpa_v02_associative_recall_confirm1,associative_recall,JOINT_TARGET3,primary,1008,1007,0.0006803790143017865,0.6858220464162008,0.8616671135974601,0.0024044665386299124,0.02621854753201361,0.0030483053019398766,0.005689102794437005,6.147579970093599e-08,0
rtpa_v02_associative_recall_confirm1,associative_recall,JOINT_TARGET3,early,496,496,0.0008671182214644409,0.43009063784636276,1.0905181898348995,0.002332857424432344,0.024239522147245573,0.003739488332055868,0.006751337014471619,6.147579970093599e-08,0
rtpa_v02_associative_recall_confirm1,associative_recall,JOINT_TARGET3,late,512,511,0.0004994754073629649,0.255731408569838,0.6395337793239377,0.0024739736240351196,0.02621854753201361,0.002211066506133124,0.004783893518936564,4.198094447309881e-07,0
rtpa_v02_associative_recall_confirm2,associative_recall,NATIVE_REFERENCE,primary,1008,1007,0.0,0.0,0.8522925672938846,0.0,0.0,0.0,0.0,0.0,0
rtpa_v02_associative_recall_confirm2,associative_recall,NATIVE_REFERENCE,early,496,496,0.0,0.0,1.1135791114436626,0.0,0.0,0.0,0.0,0.0,0
rtpa_v02_associative_recall_confirm2,associative_recall,NATIVE_REFERENCE,late,512,511,0.0,0.0,0.598675882561419,0.0,0.0,0.0,0.0,0.0,0
rtpa_v02_associative_recall_confirm2,associative_recall,Q8_TARGET3,primary,1008,1007,0.0016673935011147923,1.6807326491237107,0.8526000966396197,0.0003075293457350803,0.04141113207742107,0.009926523511388684,0.024211336181140183,1.1652657120892995e-06,0
rtpa_v02_associative_recall_confirm2,associative_recall,Q8_TARGET3,early,496,496,0.0025486542596181013,1.2641325127705783,1.112393857633801,-0.001185253809861564,0.04141113207742107,0.01535827025904729,0.03151933875648129,3.648514576124089e-06,0
rtpa_v02_associative_recall_confirm2,associative_recall,Q8_TARGET3,late,512,511,0.0008136721413147118,0.4166001363531324,0.6004323755963437,0.0017564930349246444,0.024192496381926856,0.0037278199107134147,0.010353158723219458,1.1652657120892995e-06,0
rtpa_v02_associative_recall_confirm2,associative_recall,FP16_TARGET3,primary,1008,1007,0.0003219300999701654,0.3245055407699267,0.8531584561886925,0.0008658888948078758,0.0030649058855774895,0.0018523038901009598,0.0020318415672363446,1.0666074662885258e-09,0
rtpa_v02_associative_recall_confirm2,associative_recall,FP16_TARGET3,early,496,496,0.0003538917291448142,0.17553029765582784,1.1141210455333448,0.0005419340896821723,0.0025870736394093957,0.0018348720986314227,0.001978303873490499,6.448525228995206e-09,0
rtpa_v02_associative_recall_confirm2,associative_recall,FP16_TARGET3,late,512,511,0.00029096727170722437,0.14897524311409888,0.5998562168248028,0.0011803342633838199,0.0030649058855774895,0.0018595480272588587,0.002276821935276197,1.0666074662885258e-09,0
rtpa_v02_associative_recall_confirm2,associative_recall,ENERGY_TARGET3,primary,1008,1007,0.001002266694185573,1.0102848277390575,0.8532238031974542,0.0009312359035695827,0.032316304999680544,0.005950340166771304,0.011320813770621775,6.562468343654604e-07,0
rtpa_v02_associative_recall_confirm2,associative_recall,ENERGY_TARGET3,early,496,496,0.0012974222033946838,0.6435214128837631,1.115013254243779,0.0014341428001163337,0.032316304999680544,0.0064174371807775195,0.01156547193037496,6.562468343654604e-07,0
rtpa_v02_associative_recall_confirm2,associative_recall,ENERGY_TARGET3,late,512,511,0.0007163347946392469,0.3667634148552944,0.5991189740018042,0.00044309144038523485,0.012379639592949323,0.003615876461595037,0.01097265904687117,8.72415806510439e-07,0
rtpa_v02_associative_recall_confirm2,associative_recall,DIAG_TARGET3,primary,1008,1007,0.0014131665809653104,1.4244719136130328,0.8546012480399613,0.002308680746076708,0.05245922752757766,0.0063046331830315825,0.024055227112834764,7.387014217495282e-07,0
rtpa_v02_associative_recall_confirm2,associative_recall,DIAG_TARGET3,early,496,496,0.0012896898722579405,0.6396861766399383,1.115265051582805,0.0016859401391424722,0.01716681095705805,0.006666556867538261,0.015023423442215479,1.46287142320886e-06,0
rtpa_v02_associative_recall_confirm2,associative_recall,DIAG_TARGET3,late,512,511,0.001532784642525575,0.7847857369730944,0.6015890238574749,0.00291314129605591,0.05245922752757766,0.0034628503932641196,0.028953221954840447,7.387014217495282e-07,0
rtpa_v02_associative_recall_confirm2,associative_recall,JOINT_TARGET3,primary,1008,1007,0.0008004669964759861,0.8068707324477941,0.8542008021887779,0.0019082348948933348,0.02050000943867618,0.0047315026925244695,0.00948132743593121,1.4218593621710993e-07,0
rtpa_v02_associative_recall_confirm2,associative_recall,JOINT_TARGET3,early,496,496,0.0009856205641080248,0.4888677997975803,1.115122502055657,0.0015433906119943774,0.02050000943867618,0.005285607769746271,0.008657665523359236,1.4861299718188672e-07,0
rtpa_v02_associative_recall_confirm2,associative_recall,JOINT_TARGET3,late,512,511,0.0006210994778324487,0.31800293265021373,0.6009382520244491,0.002262369463030045,0.01576365394581769,0.0022446555201989914,0.009511445463160177,1.4218593621710993e-07,0
rtpa_v02_associative_recall_confirm3,associative_recall,NATIVE_REFERENCE,primary,1008,1007,0.0,0.0,0.8587675908547882,0.0,0.0,0.0,0.0,0.0,0
rtpa_v02_associative_recall_confirm3,associative_recall,NATIVE_REFERENCE,early,496,496,0.0,0.0,1.123474976153951,0.0,0.0,0.0,0.0,0.0,0
rtpa_v02_associative_recall_confirm3,associative_recall,NATIVE_REFERENCE,late,512,511,0.0,0.0,0.6018304810536436,0.0,0.0,0.0,0.0,0.0,0
rtpa_v02_associative_recall_confirm3,associative_recall,Q8_TARGET3,primary,1008,1007,0.0019269438882868332,1.9423594393931278,0.8627629903991051,0.0039953995443169354,0.08553640940880798,0.010393882812838975,0.030326173072358242,1.989759890282123e-06,0
rtpa_v02_associative_recall_confirm3,associative_recall,Q8_TARGET3,early,496,496,0.0030999497919447453,1.5375750968045938,1.1267236730787047,0.0032486969247536024,0.08553640940880798,0.017137691216448085,0.04134971396023561,1.989759890282123e-06,0
rtpa_v02_associative_recall_confirm3,associative_recall,Q8_TARGET3,late,512,511,0.0007905944191182307,0.40478434258853413,0.6065506643539362,0.0047201833002926685,0.016267163345392764,0.00256033309253803,0.011718464713259468,3.435645721200275e-06,0
rtpa_v02_associative_recall_confirm3,associative_recall,FP16_TARGET3,primary,1008,1007,0.00035598106284158855,0.35882891134432127,0.8599678222278704,0.0012002313730822278,0.003157886451436314,0.0018583517723640315,0.0019525723308889422,2.311830625263795e-09,0
rtpa_v02_associative_recall_confirm3,associative_recall,FP16_TARGET3,early,496,496,0.0003945228688784989,0.19568334296373546,1.1244527603918815,0.0009777842379303792,0.0025754446730168867,0.0018516146965838365,0.001957688141886328,1.686274340538159e-08,0
rtpa_v02_associative_recall_confirm3,associative_recall,FP16_TARGET3,late,512,511,0.00031864368824333165,0.16314556838058578,0.6032466298025287,0.001416148748885182,0.003157886451436314,0.0018585287201364049,0.0019523792776013674,2.311830625263795e-09,0
rtpa_v02_associative_recall_confirm3,associative_recall,ENERGY_TARGET3,primary,1008,1007,0.0011552099997016452,1.1644516796992586,0.8605417148587539,0.0017741240039657047,0.07767886454320477,0.0063507607610821535,0.015531501117426204,2.974022278831074e-07,0
rtpa_v02_associative_recall_confirm3,associative_recall,ENERGY_TARGET3,early,496,496,0.001514154755474748,0.751020758715475,1.1208312007980825,-0.0026437753558685717,0.07767886454320477,0.006824833278566409,0.014271130474958267,1.0087060209340253e-06,0
rtpa_v02_associative_recall_confirm3,associative_recall,ENERGY_TARGET3,late,512,511,0.000807482267546452,0.4134309209837834,0.6078928204832018,0.00606233942955825,0.022668273610687795,0.0022136172782511953,0.015679644001186422,2.974022278831074e-07,0
rtpa_v02_associative_recall_confirm3,associative_recall,DIAG_TARGET3,primary,1008,1007,0.0013701343059709476,1.3810953804187152,0.8619709935338443,0.0032034026790561665,0.0428893783936848,0.00845521162730679,0.020440527306498903,2.8928658103656806e-07,0
rtpa_v02_associative_recall_confirm3,associative_recall,DIAG_TARGET3,early,496,496,0.0016481109558965645,0.817463034124696,1.1256424847110107,0.0021675085570596053,0.0428893783936848,0.009514388007054548,0.01736794179727892,2.8928658103656806e-07,0
rtpa_v02_associative_recall_confirm3,associative_recall,DIAG_TARGET3,late,512,511,0.0011008444263555064,0.5636323462940193,0.6060393700037571,0.00420888895011351,0.033117501450627904,0.0019907156482021114,0.022101443255275605,1.6126936631155402e-06,0
rtpa_v02_associative_recall_confirm3,associative_recall,JOINT_TARGET3,primary,1008,1007,0.0008699197578340866,0.8768791158967594,0.8612488548083361,0.002481263953547974,0.05933879071757858,0.004183318647475914,0.010010526800119185,1.2589685225216488e-07,0
rtpa_v02_associative_recall_confirm3,associative_recall,JOINT_TARGET3,early,496,496,0.0012447585686835593,0.6174002500670456,1.1242914909244173,0.0008165147704661813,0.05933879071757858,0.005180364277167088,0.013565376656922725,4.5319688832942297e-07,0
rtpa_v02_associative_recall_confirm3,associative_recall,JOINT_TARGET3,late,512,511,0.0005067946598236599,0.25947886582971386,0.6059276267974237,0.004097145743780173,0.010933605897715748,0.001955407645175332,0.007052851653911299,1.2589685225216488e-07,0
